rec,duration,billsec,
https://search.tima.vn/file/tongdai.tima.vn/archive/2026/Sep/22/c30d7283-d149-4e0a-b58d-f85395203e41.mp3,39,0,
https://search.tima.vn/file/tongdai.tima.vn/archive/2026/Sep/22/19193c78-4a18-46e4-ab1c-af7df4df140d.mp3,14,0,
https://search.tima.vn/file/tongdai.tima.vn/archive/2026/Sep/22/bbc81c3b-4887-4bd3-858a-bf3faab84b8d.mp3,19,9,
https://search.tima.vn/file/tongdai.tima.vn/archive/2026/Sep/22/fbf29f33-5cf1-448e-bf47-d8e1c106c684.mp3,31,0,
https://search.tima.vn/file/tongdai.tima.vn/archive/2026/Sep/22/965d4333-121e-401b-8f8b-b2ea138b387e.mp3,16,0,
https://search.tima.vn/file/tongdai.tima.vn/archive/2026/Sep/22/4ecd0b27-062a-430d-beed-8da2703ac0fe.mp3,39,0,
https://search.tima.vn/file/tongdai.tima.vn/archive/2026/Sep/22/fe582c71-5d90-48ea-bc1f-587d19b5658d.mp3,40,0,
https://search.tima.vn/file/tongdai.tima.vn/archive/2026/Sep/22/6078f5e8-8dfd-498e-a500-fec5a5b44903.mp3,23,2,
https://search.tima.vn/file/tongdai.tima.vn/archive/2026/Sep/22/83ed7a6e-f3d2-4aa8-a014-14e3719e36db.mp3,43,26,
https://search.tima.vn/file/tongdai.tima.vn/archive/2026/Sep/22/1b300415-04b7-40b6-952d-26e4c50e73e2.mp3,9,1,
https://search.tima.vn/file/tongdai.tima.vn/archive/2026/Sep/22/ca7221a0-b4c8-494d-bee8-0e51e6b44c3f.mp3,20,0,
https://search.tima.vn/file/tongdai.tima.vn/archive/2026/Sep/22/92a94e58-4ed5-4f08-ac69-9b2294b189bc.mp3,39,0,
https://search.tima.vn/file/tongdai.tima.vn/archive/2026/Sep/22/ebce6fc4-6870-42eb-a739-91b749f56fa8.mp3,39,0,
https://search.tima.vn/file/tongdai.tima.vn/archive/2026/Sep/22/fc2a9a48-1363-4972-9f3b-380c62061432.mp3,39,0,
https://search.tima.vn/file/tongdai.tima.vn/archive/2026/Sep/22/106ca941-84e0-4f18-97a4-d1d0207ae05b.mp3,39,0,
https://search.tima.vn/file/tongdai.tima.vn/archive/2026/Sep/22/dee33735-bfe9-4ad5-a185-4e2455cd4b13.mp3,25,12,
https://search.tima.vn/file/tongdai.tima.vn/archive/2026/Sep/22/647db28c-adc1-4acd-98cb-6974c1812ec5.mp3,40,0,
https://search.tima.vn/file/tongdai.tima.vn/archive/2026/Sep/22/0f340704-8d62-44de-bbd7-8d8d04ee98d6.mp3,39,0,
https://search.tima.vn/file/tongdai.tima.vn/archive/2026/Sep/22/cc2514b4-ae8d-42be-965b-a42282b7dd09.mp3,64,56,
https://search.tima.vn/file/tongdai.tima.vn/archive/2026/Sep/22/14003a72-cff4-4bfa-8ef5-679b4892591a.mp3,39,0,
https://search.tima.vn/file/tongdai.tima.vn/archive/2026/Sep/22/158f47fa-5b3f-423a-a2f1-024b956dae5c.mp3,40,25,
https://search.tima.vn/file/tongdai.tima.vn/archive/2026/Sep/22/b637e309-a2d3-4c97-86ab-4b3ffddc2bf4.mp3,26,0,
https://search.tima.vn/file/tongdai.tima.vn/archive/2026/Sep/22/5f525635-e2a8-4bcf-b223-ad2cafb8c705.mp3,23,6,
https://search.tima.vn/file/tongdai.tima.vn/archive/2026/Sep/22/6a7dbf79-6e5f-478c-a6aa-8890d69fb181.mp3,26,0,
https://search.tima.vn/file/tongdai.tima.vn/archive/2026/Sep/22/efa446ab-7a97-4a5b-9b2e-866aff0fce35.mp3,28,0,
https://search.tima.vn/file/tongdai.tima.vn/archive/2026/Sep/22/b183b930-939c-4028-bb1a-ba627c5fc768.mp3,37,7,
https://search.tima.vn/file/tongdai.tima.vn/archive/2026/Sep/22/67074bdd-cc2a-407f-baae-da3f4daded3e.mp3,38,0,
https://search.tima.vn/file/tongdai.tima.vn/archive/2026/Sep/22/ded3e3ce-7f44-42d7-8218-d357f6e3d13c.mp3,69,38,
https://search.tima.vn/file/tongdai.tima.vn/archive/2026/Sep/22/7ef4c020-96ca-40ca-832a-e03f4cead151.mp3,20,7,
https://search.tima.vn/file/tongdai.tima.vn/archive/2026/Sep/22/3811aae3-83ed-41cb-84fc-97fab17c7f16.mp3,39,0,
https://search.tima.vn/file/tongdai.tima.vn/archive/2026/Sep/22/b89c4fed-01ef-471f-920e-6f712970d4ba.mp3,16,8,
https://search.tima.vn/file/tongdai.tima.vn/archive/2026/Sep/22/0c8c6742-d5da-453b-8c4a-05c0a111473f.mp3,19,0,
https://search.tima.vn/file/tongdai.tima.vn/archive/2026/Sep/22/06369b70-3763-4e16-8a99-d855d81dff9a.mp3,44,23,
https://search.tima.vn/file/tongdai.tima.vn/archive/2026/Sep/22/e5dcb228-f368-49c0-a819-9e13f8d8d936.mp3,19,13,
https://search.tima.vn/file/tongdai.tima.vn/archive/2026/Sep/22/a12c42f4-8a86-4a2a-81c1-cdeb9be7ba9d.mp3,26,0,
https://search.tima.vn/file/tongdai.tima.vn/archive/2026/Sep/22/8b2e969e-a05b-4609-9030-aa3a39bced17.mp3,39,0,
https://search.tima.vn/file/tongdai.tima.vn/archive/2026/Sep/22/242de05c-99c7-4a66-b9ea-d67105d73682.mp3,65,46,
https://search.tima.vn/file/tongdai.tima.vn/archive/2026/Sep/22/37747c5f-4dea-4e0d-b14a-7401a1bdaa50.mp3,28,0,
https://search.tima.vn/file/tongdai.tima.vn/archive/2026/Sep/22/194e8682-1a33-47a4-950b-6d99dced07fb.mp3,18,0,
https://search.tima.vn/file/tongdai.tima.vn/archive/2026/Sep/22/5f62aca6-7d87-484d-9025-2c2d5d305b9c.mp3,31,23,
https://search.tima.vn/file/tongdai.tima.vn/archive/2026/Sep/22/3a0dbbcf-e851-4ef9-a0d5-5457f83ee53c.mp3,39,0,
https://search.tima.vn/file/tongdai.tima.vn/archive/2026/Sep/22/20b87cb4-136a-4931-bea0-168075d87e3a.mp3,41,24,
https://search.tima.vn/file/tongdai.tima.vn/archive/2026/Sep/22/4c57bfac-605a-4f55-b393-d31c162904d4.mp3,39,0,
https://search.tima.vn/file/tongdai.tima.vn/archive/2026/Sep/22/85994a1b-ed18-4f35-8553-cc278e5511dc.mp3,40,0,
https://search.tima.vn/file/tongdai.tima.vn/archive/2026/Sep/22/d321251b-6b5d-4cb1-9521-4def55525107.mp3,7,0,
https://search.tima.vn/file/tongdai.tima.vn/archive/2026/Sep/22/55428b69-c394-4654-8fea-831f8d6af961.mp3,39,0,
https://search.tima.vn/file/tongdai.tima.vn/archive/2026/Sep/22/9d32feeb-6c38-475c-82aa-f35ab60c4963.mp3,11,0,
https://search.tima.vn/file/tongdai.tima.vn/archive/2026/Sep/22/fdd021ba-330d-444e-b1b6-83032fd2941e.mp3,53,24,
https://search.tima.vn/file/tongdai.tima.vn/archive/2026/Sep/22/bc8cfed8-7b51-43af-9007-f22fb170bbfb.mp3,26,2,
https://search.tima.vn/file/tongdai.tima.vn/archive/2026/Sep/22/8ace6b70-6611-462a-b84a-6c7f2a113d17.mp3,22,17,
https://search.tima.vn/file/tongdai.tima.vn/archive/2026/Sep/22/0e21ad22-f1c7-428e-afbe-871c86bd05a0.mp3,39,0,
https://search.tima.vn/file/tongdai.tima.vn/archive/2026/Sep/22/d725cd3e-82d4-4a6e-82ce-3ffaf46996e1.mp3,46,40,
https://search.tima.vn/file/tongdai.tima.vn/archive/2026/Sep/22/0c5f7a32-990f-44bd-bc7b-b521bf3c90d7.mp3,21,0,
https://search.tima.vn/file/tongdai.tima.vn/archive/2026/Sep/22/e4ffc8bc-9ca3-4f51-938f-d55b5bdbec6c.mp3,29,23,
https://search.tima.vn/file/tongdai.tima.vn/archive/2026/Sep/22/8975b373-e9f9-4aaa-8fa6-c7d4b34bc5d2.mp3,30,18,
https://search.tima.vn/file/tongdai.tima.vn/archive/2026/Sep/22/ec627402-bb21-4894-ad6f-29342e8eede8.mp3,39,0,
https://search.tima.vn/file/tongdai.tima.vn/archive/2026/Sep/22/3df99242-d1d7-4f9c-bbca-66822ba383e2.mp3,18,0,
https://search.tima.vn/file/tongdai.tima.vn/archive/2026/Sep/22/e0c3ba38-4939-408c-a566-238cca1a24d6.mp3,39,0,
https://search.tima.vn/file/tongdai.tima.vn/archive/2026/Sep/22/f3d1da96-c92e-4e39-bcdf-0043d37c0b52.mp3,30,25,
https://search.tima.vn/file/tongdai.tima.vn/archive/2026/Sep/22/143e5a9d-274c-4e56-b953-d8636d4bd8e6.mp3,39,0,
https://search.tima.vn/file/tongdai.tima.vn/archive/2026/Sep/22/abf414be-c9c0-447e-9425-c2ca07c5e754.mp3,34,24,
https://search.tima.vn/file/tongdai.tima.vn/archive/2026/Sep/22/50a6a5fa-bfee-464f-8561-714e344e10f9.mp3,39,0,
https://search.tima.vn/file/tongdai.tima.vn/archive/2026/Sep/22/488979f1-b82e-4969-adab-26e04fd085b7.mp3,39,0,
https://search.tima.vn/file/tongdai.tima.vn/archive/2026/Sep/22/a31b17d4-a723-42e1-ae78-27d01d96ae93.mp3,11,0,
https://search.tima.vn/file/tongdai.tima.vn/archive/2026/Sep/22/8600af57-a094-4a2d-bdee-7ca9f9742d2e.mp3,19,2,
https://search.tima.vn/file/tongdai.tima.vn/archive/2026/Sep/22/06368b70-5f57-40d7-8ad9-b2df2340ebb8.mp3,14,0,
https://search.tima.vn/file/tongdai.tima.vn/archive/2026/Sep/22/ce86af35-6a85-480d-a600-0d659bebe739.mp3,28,12,
https://search.tima.vn/file/tongdai.tima.vn/archive/2026/Sep/22/141c2d90-28fd-485b-baa3-ee0077653f60.mp3,18,11,
https://search.tima.vn/file/tongdai.tima.vn/archive/2026/Sep/22/6e60be5e-de32-484c-b3c1-81a716431793.mp3,39,0,
https://search.tima.vn/file/tongdai.tima.vn/archive/2026/Sep/22/97609e9b-ce5d-4734-816f-ee23334ce4da.mp3,26,22,
https://search.tima.vn/file/tongdai.tima.vn/archive/2026/Sep/22/3096331e-4d73-43b6-ad3b-95fb592e32de.mp3,39,0,
https://search.tima.vn/file/tongdai.tima.vn/archive/2026/Sep/22/1f7e55b2-e6b8-4eab-8343-c9d971b3c8b7.mp3,14,2,
https://search.tima.vn/file/tongdai.tima.vn/archive/2026/Sep/22/b8f6bd45-3e2c-485b-acbc-d440ac163b3a.mp3,39,0,
https://search.tima.vn/file/tongdai.tima.vn/archive/2026/Sep/22/cce49cd5-c7e0-4f41-81aa-9b9e84f0897a.mp3,39,0,
https://search.tima.vn/file/tongdai.tima.vn/archive/2026/Sep/22/423d189a-2aac-478b-aae4-20f9d788f605.mp3,39,0,
https://search.tima.vn/file/tongdai.tima.vn/archive/2026/Sep/22/c64638e5-8b11-4957-8552-a137d54b4dc7.mp3,21,0,
https://search.tima.vn/file/tongdai.tima.vn/archive/2026/Sep/22/a3ffd58f-7c90-489b-8a9b-a2ad23091932.mp3,39,0,
https://search.tima.vn/file/tongdai.tima.vn/archive/2026/Sep/22/4b26d656-8354-450d-af13-822bcc8f7f1f.mp3,38,0,
https://search.tima.vn/file/tongdai.tima.vn/archive/2026/Sep/22/1aa96fd1-7904-46ec-8630-e334fe341f45.mp3,31,0,
https://search.tima.vn/file/tongdai.tima.vn/archive/2026/Sep/22/ddaa9f0d-5497-474c-8f20-4d2f10544ef7.mp3,44,38,
https://search.tima.vn/file/tongdai.tima.vn/archive/2026/Sep/22/92c2e5a3-4983-4de0-bb26-f76d1a692d46.mp3,39,0,
https://search.tima.vn/file/tongdai.tima.vn/archive/2026/Sep/22/26fc85d9-fbb5-48d3-a302-fa4ab89cfee0.mp3,26,0,
https://search.tima.vn/file/tongdai.tima.vn/archive/2026/Sep/22/6410b2d5-e538-4f77-bdb6-0ac67df03c04.mp3,36,25,
https://search.tima.vn/file/tongdai.tima.vn/archive/2026/Sep/22/4aea6c38-2282-4154-a108-25c3be9e39d7.mp3,39,0,
https://search.tima.vn/file/tongdai.tima.vn/archive/2026/Sep/22/ed92ed7f-e11c-4833-80ca-02fefef3c1e5.mp3,64,27,
https://search.tima.vn/file/tongdai.tima.vn/archive/2026/Sep/22/b2f3f5ff-13f3-40d9-a4d1-c4c0282b66ab.mp3,32,23,
https://search.tima.vn/file/tongdai.tima.vn/archive/2026/Sep/22/1e3623df-760c-44c4-92fd-408391bd22db.mp3,39,0,
https://search.tima.vn/file/tongdai.tima.vn/archive/2026/Sep/22/5fb73cfe-fe22-46bb-9c87-e5b27d11c9f5.mp3,38,0,
https://search.tima.vn/file/tongdai.tima.vn/archive/2026/Sep/22/b7d89e6f-230b-47fa-b430-2eba53027df6.mp3,39,0,
https://search.tima.vn/file/tongdai.tima.vn/archive/2026/Sep/22/c2a7200b-7370-4cc7-9825-9342e5353735.mp3,39,0,
https://search.tima.vn/file/tongdai.tima.vn/archive/2026/Sep/22/70a9239e-4117-48f3-b12a-7ff5910fa702.mp3,31,23,
https://search.tima.vn/file/tongdai.tima.vn/archive/2026/Sep/22/6ed83850-a7b4-4338-9c19-0be89250e510.mp3,38,0,
https://search.tima.vn/file/tongdai.tima.vn/archive/2026/Sep/22/dfbe81d6-2451-4162-b69a-b21a4b35a89e.mp3,39,0,
https://search.tima.vn/file/tongdai.tima.vn/archive/2026/Sep/22/0a46d39b-5cd0-41da-8a7f-967d97b06228.mp3,6,0,
https://search.tima.vn/file/tongdai.tima.vn/archive/2026/Sep/22/92ee80bb-d147-4017-beb7-45cbbc8d6b08.mp3,67,56,
https://search.tima.vn/file/tongdai.tima.vn/archive/2026/Sep/22/decfb45f-7579-49a9-adfa-34d048226f7c.mp3,24,3,
https://search.tima.vn/file/tongdai.tima.vn/archive/2026/Sep/22/2715f829-79e5-4ed0-85b6-9390e2ad9e64.mp3,37,25,
https://search.tima.vn/file/tongdai.tima.vn/archive/2026/Sep/22/87430036-f47a-4aa8-97ae-56e8a343496c.mp3,38,0,
https://search.tima.vn/file/tongdai.tima.vn/archive/2026/Sep/22/6e02df79-1fa7-410d-bfa8-4a6f5563ac51.mp3,30,25,
https://search.tima.vn/file/tongdai.tima.vn/archive/2026/Sep/22/1da45477-abf0-428e-8454-5d293a1c27a8.mp3,29,0,
https://search.tima.vn/file/tongdai.tima.vn/archive/2026/Sep/22/c5086fc0-da45-414c-a9d5-e00d188b8d29.mp3,18,7,
https://search.tima.vn/file/tongdai.tima.vn/archive/2026/Sep/22/ccf1f03c-3d22-4dad-b2b8-56beffbd4181.mp3,8,0,
https://search.tima.vn/file/tongdai.tima.vn/archive/2026/Sep/22/e39b74ea-9d12-4204-a278-6802be33ffa3.mp3,65,56,
https://search.tima.vn/file/tongdai.tima.vn/archive/2026/Sep/22/b42930f0-6035-4f71-8336-3f8177fa3e5c.mp3,17,7,
https://search.tima.vn/file/tongdai.tima.vn/archive/2026/Sep/22/826f99d1-0328-4ed3-972b-84d279d52b16.mp3,14,0,
https://search.tima.vn/file/tongdai.tima.vn/archive/2026/Sep/22/8b1f4779-7f76-4d12-ac41-a3748c05849b.mp3,31,24,
https://search.tima.vn/file/tongdai.tima.vn/archive/2026/Sep/22/be9e9137-8a81-4341-bdc6-318820c4d06f.mp3,21,0,
https://search.tima.vn/file/tongdai.tima.vn/archive/2026/Sep/22/178c4bf0-6ee8-4646-9a49-88f724aa14d9.mp3,33,0,
https://search.tima.vn/file/tongdai.tima.vn/archive/2026/Sep/22/65435ab8-779e-41c3-bce0-217b23baedf7.mp3,31,0,
https://search.tima.vn/file/tongdai.tima.vn/archive/2026/Sep/22/3a37930e-af73-4151-b6a3-5aa4b5cf60c5.mp3,72,56,
https://search.tima.vn/file/tongdai.tima.vn/archive/2026/Sep/22/59cddfa3-5594-4c08-8d6f-9f180c2c61c7.mp3,13,5,
https://search.tima.vn/file/tongdai.tima.vn/archive/2026/Sep/22/b03cff0c-b560-4835-8e03-2cf894d33baf.mp3,21,0,
https://search.tima.vn/file/tongdai.tima.vn/archive/2026/Sep/22/b463cf79-75c1-4d46-9beb-f8991d6e0c93.mp3,39,0,
https://search.tima.vn/file/tongdai.tima.vn/archive/2026/Sep/22/88a682be-b8ea-4219-84e8-c494c7250f96.mp3,8,0,
https://search.tima.vn/file/tongdai.tima.vn/archive/2026/Sep/22/832b8ad2-b97c-47c5-a4e6-2952341b4e4f.mp3,34,24,
https://search.tima.vn/file/tongdai.tima.vn/archive/2026/Sep/22/ecb7dcd2-bb0b-4a8a-80ae-fde697825689.mp3,19,3,
https://search.tima.vn/file/tongdai.tima.vn/archive/2026/Sep/22/a55ce85e-0341-4ec9-834c-e11f88910abf.mp3,28,0,
https://search.tima.vn/file/tongdai.tima.vn/archive/2026/Sep/22/a78383c5-cedf-437d-9758-3a6135856bb4.mp3,72,55,
https://search.tima.vn/file/tongdai.tima.vn/archive/2026/Sep/22/c8278a7e-a579-484d-9eda-9fcb65389fba.mp3,39,0,
https://search.tima.vn/file/tongdai.tima.vn/archive/2026/Sep/22/8e24074c-6edc-4081-903d-7698ffafa4e7.mp3,39,0,
https://search.tima.vn/file/tongdai.tima.vn/archive/2026/Sep/22/08322375-4e09-4005-8544-0cbe23db3544.mp3,23,2,
https://search.tima.vn/file/tongdai.tima.vn/archive/2026/Sep/22/e22e4aaf-be77-444d-b2d3-e666b1fbac12.mp3,39,0,
https://search.tima.vn/file/tongdai.tima.vn/archive/2026/Sep/22/02349ee9-470c-48b7-81ff-810f5f103d13.mp3,22,18,
https://search.tima.vn/file/tongdai.tima.vn/archive/2026/Sep/22/e36b3817-9da5-411d-97cc-559e5f0db952.mp3,9,0,
https://search.tima.vn/file/tongdai.tima.vn/archive/2026/Sep/22/c2a8aebf-e954-4b2e-b801-482e2b38312e.mp3,26,0,
https://search.tima.vn/file/tongdai.tima.vn/archive/2026/Sep/22/52201bb1-a0d6-477e-a20c-9ae569a6357c.mp3,30,16,
https://search.tima.vn/file/tongdai.tima.vn/archive/2026/Sep/22/0ac03a7c-0b74-4dee-9c03-08cd1fc74c2a.mp3,11,0,
https://search.tima.vn/file/tongdai.tima.vn/archive/2026/Sep/22/fd701ebf-d7bf-4b62-9a33-c7632901afff.mp3,27,15,
https://search.tima.vn/file/tongdai.tima.vn/archive/2026/Sep/22/2716e654-985c-41eb-b64c-c8651e7bb1b1.mp3,9,0,
https://search.tima.vn/file/tongdai.tima.vn/archive/2026/Sep/22/45ce8a79-1b10-43ac-9c74-d5cd30dae3b8.mp3,38,0,
https://search.tima.vn/file/tongdai.tima.vn/archive/2026/Sep/22/0a16d7b0-3541-47b0-980b-2c87a0f2d4a2.mp3,18,8,
https://search.tima.vn/file/tongdai.tima.vn/archive/2026/Sep/22/7e9db2b1-8589-4025-be13-66c3506be798.mp3,25,16,
https://search.tima.vn/file/tongdai.tima.vn/archive/2026/Sep/22/595fcb33-eb01-4cd0-8780-c6eb88b44161.mp3,20,0,
https://search.tima.vn/file/tongdai.tima.vn/archive/2026/Sep/22/2ec4b680-35b8-4dda-8e41-2259b54609a0.mp3,32,26,
https://search.tima.vn/file/tongdai.tima.vn/archive/2026/Sep/22/50828690-f590-45fc-8acf-8ec191067edf.mp3,13,0,
https://search.tima.vn/file/tongdai.tima.vn/archive/2026/Sep/22/7be22f94-1389-4272-8da9-12bdbd9fc2c5.mp3,17,0,
https://search.tima.vn/file/tongdai.tima.vn/archive/2026/Sep/22/d52b8f7f-5b76-4b36-b8c1-47b0c2ebde57.mp3,19,0,
https://search.tima.vn/file/tongdai.tima.vn/archive/2026/Sep/22/875d075e-4354-405d-a248-5be540bda408.mp3,23,16,
https://search.tima.vn/file/tongdai.tima.vn/archive/2026/Sep/22/6d6fdc81-001b-4b94-8b98-62f3a72aba47.mp3,13,7,
https://search.tima.vn/file/tongdai.tima.vn/archive/2026/Sep/22/7d33acce-10bd-4a82-b417-82146e3b0ccc.mp3,36,0,
https://search.tima.vn/file/tongdai.tima.vn/archive/2026/Sep/22/f1da4f49-1fd0-45e0-9b99-317e57249f8d.mp3,20,0,
https://search.tima.vn/file/tongdai.tima.vn/archive/2026/Sep/22/8568b2b8-2465-4b59-816e-e4ab34505e32.mp3,15,0,
https://search.tima.vn/file/tongdai.tima.vn/archive/2026/Sep/22/93f89376-28ac-4f77-a283-cc6ab1638548.mp3,39,0,
https://search.tima.vn/file/tongdai.tima.vn/archive/2026/Sep/22/4484d4f0-4f44-4117-94ce-2ad6b29ee304.mp3,89,56,
https://search.tima.vn/file/tongdai.tima.vn/archive/2026/Sep/22/77865522-45fa-4f5f-9b8a-84bcac0111c4.mp3,39,0,
https://search.tima.vn/file/tongdai.tima.vn/archive/2026/Sep/22/975a2865-4afa-4818-ba78-9c34626579b7.mp3,39,0,
https://search.tima.vn/file/tongdai.tima.vn/archive/2026/Sep/22/3ab52942-44a5-47d9-a997-d9f35ffc4a2c.mp3,33,6,
https://search.tima.vn/file/tongdai.tima.vn/archive/2026/Sep/22/72f9490e-ecac-46d1-b2de-eb1e9788774f.mp3,57,29,
https://search.tima.vn/file/tongdai.tima.vn/archive/2026/Sep/22/93cb7f45-fc5e-42a9-8e91-d827fb3fac7f.mp3,39,0,
https://search.tima.vn/file/tongdai.tima.vn/archive/2026/Sep/22/d3924f0e-2a06-4950-8fcd-cb42c2e00849.mp3,18,2,
https://search.tima.vn/file/tongdai.tima.vn/archive/2026/Sep/22/2bc4a921-fe63-4293-99da-5e004bfa564a.mp3,23,19,
https://search.tima.vn/file/tongdai.tima.vn/archive/2026/Sep/22/947eca83-6d1d-4a72-b3d7-cbaf81263c01.mp3,39,0,
https://search.tima.vn/file/tongdai.tima.vn/archive/2026/Sep/22/f319c869-9be5-496a-a12c-c55987e38077.mp3,29,0,
https://search.tima.vn/file/tongdai.tima.vn/archive/2026/Sep/22/0407b197-c3d2-4126-a8ca-a789e931cc5b.mp3,21,2,
https://search.tima.vn/file/tongdai.tima.vn/archive/2026/Sep/22/5c23843d-3170-41f5-a5fb-b844bea31390.mp3,29,20,
https://search.tima.vn/file/tongdai.tima.vn/archive/2026/Sep/22/7fb45375-9caa-4f62-b712-91ee529dd137.mp3,39,0,
https://search.tima.vn/file/tongdai.tima.vn/archive/2026/Sep/22/9d75bffc-1d3a-4b01-8b64-733ccb3d3432.mp3,39,0,
https://search.tima.vn/file/tongdai.tima.vn/archive/2026/Sep/22/f316f114-3587-46ea-8205-b2f8eb7c163c.mp3,42,37,
https://search.tima.vn/file/tongdai.tima.vn/archive/2026/Sep/22/f354363b-11d6-4b2f-be84-d9ced43d56ad.mp3,39,0,
https://search.tima.vn/file/tongdai.tima.vn/archive/2026/Sep/22/424a6ccb-2907-4354-a5b2-9118c086533d.mp3,39,0,
https://search.tima.vn/file/tongdai.tima.vn/archive/2026/Sep/22/27f01de8-ab7f-49b0-9165-c402144113e3.mp3,30,0,
https://search.tima.vn/file/tongdai.tima.vn/archive/2026/Sep/22/699e5f69-54e7-495d-9e43-deded4f86d66.mp3,38,31,
https://search.tima.vn/file/tongdai.tima.vn/archive/2026/Sep/22/647f77bf-f4db-41f8-9cf2-6dd886b0fff0.mp3,32,2,
https://search.tima.vn/file/tongdai.tima.vn/archive/2026/Sep/22/c5d6548c-13c6-4319-a160-81d9daed05e4.mp3,38,0,
https://search.tima.vn/file/tongdai.tima.vn/archive/2026/Sep/22/6f0a9537-eda2-4577-9d30-6d09a8a4fded.mp3,7,0,
https://search.tima.vn/file/tongdai.tima.vn/archive/2026/Sep/22/dad7060c-eff5-4883-b88f-fec23d379d56.mp3,17,0,
https://search.tima.vn/file/tongdai.tima.vn/archive/2026/Sep/22/c39f8418-ae8e-45f2-97c8-073ac072a44f.mp3,83,56,
https://search.tima.vn/file/tongdai.tima.vn/archive/2026/Sep/22/76b612df-9ba7-498a-96ad-158c45d555d6.mp3,39,0,
https://search.tima.vn/file/tongdai.tima.vn/archive/2026/Sep/22/4152c1b9-b03d-4bf7-b323-d7f208d69211.mp3,29,23,
https://search.tima.vn/file/tongdai.tima.vn/archive/2026/Sep/22/aa7dd80f-e79b-44ea-a647-99cb25b5a045.mp3,47,35,
https://search.tima.vn/file/tongdai.tima.vn/archive/2026/Sep/22/40bfc2a4-4579-4913-9dd5-a6425cd1b0f9.mp3,39,0,
https://search.tima.vn/file/tongdai.tima.vn/archive/2026/Sep/22/03e8e6ae-cefa-4224-a5b6-aa80e59d4b31.mp3,14,9,
https://search.tima.vn/file/tongdai.tima.vn/archive/2026/Sep/22/ce815233-d4b1-41ff-ae53-860a8048c856.mp3,27,11,
https://search.tima.vn/file/tongdai.tima.vn/archive/2026/Sep/22/698024f5-5db4-4211-af25-bf2535543e17.mp3,6,0,
https://search.tima.vn/file/tongdai.tima.vn/archive/2026/Sep/22/e5bba616-361f-4c23-a443-d74fdd3ddeca.mp3,39,0,
https://search.tima.vn/file/tongdai.tima.vn/archive/2026/Sep/22/1f747f62-8184-46e5-a842-a8ad842ce22d.mp3,22,11,
https://search.tima.vn/file/tongdai.tima.vn/archive/2026/Sep/22/5b8f14bb-2cfe-40a8-ac77-6cfb99981a6d.mp3,38,31,
https://search.tima.vn/file/tongdai.tima.vn/archive/2026/Sep/22/0f9e87d0-639d-4510-a889-7ede877d620b.mp3,19,2,
https://search.tima.vn/file/tongdai.tima.vn/archive/2026/Sep/22/3140e040-d748-4eca-9bd1-454b9ea9426e.mp3,33,24,
https://search.tima.vn/file/tongdai.tima.vn/archive/2026/Sep/22/fce06424-8dbc-4457-92eb-bb6f64170fe6.mp3,12,5,
https://search.tima.vn/file/tongdai.tima.vn/archive/2026/Sep/22/41897783-a0b7-43e9-90fe-eed633212818.mp3,28,17,
https://search.tima.vn/file/tongdai.tima.vn/archive/2026/Sep/22/c657e70a-531f-44c8-8d93-4ae25496561a.mp3,39,0,
https://search.tima.vn/file/tongdai.tima.vn/archive/2026/Sep/22/a331c518-f87f-4e7e-937e-d07e13fb9bf8.mp3,29,19,
https://search.tima.vn/file/tongdai.tima.vn/archive/2026/Sep/22/f93cb7dc-fb37-4807-b69e-6bd7b77779c1.mp3,21,0,
https://search.tima.vn/file/tongdai.tima.vn/archive/2026/Sep/22/096aa944-e451-4850-bdf4-11b762a26881.mp3,39,0,
https://search.tima.vn/file/tongdai.tima.vn/archive/2026/Sep/22/9b0976ac-82d1-40bc-b07f-43c51b2d68c2.mp3,6,0,
https://search.tima.vn/file/tongdai.tima.vn/archive/2026/Sep/22/fb5bf3a9-a936-43b4-8926-37114afe44da.mp3,39,0,
https://search.tima.vn/file/tongdai.tima.vn/archive/2026/Sep/22/341ce211-0460-4141-a337-1a9b84bc180b.mp3,39,0,
https://search.tima.vn/file/tongdai.tima.vn/archive/2026/Sep/22/90aa6b70-233d-4607-b762-55dc3445bb84.mp3,6,0,
https://search.tima.vn/file/tongdai.tima.vn/archive/2026/Sep/22/b102bd5a-0bee-4d30-bd6b-5bfbfc691f72.mp3,47,42,
https://search.tima.vn/file/tongdai.tima.vn/archive/2026/Sep/22/a34cb689-98d4-41a5-8918-1cca5f6301b1.mp3,8,0,
https://search.tima.vn/file/tongdai.tima.vn/archive/2026/Sep/22/dcc3a6fa-e704-46e8-9493-4b82d8d7303f.mp3,18,2,
https://search.tima.vn/file/tongdai.tima.vn/archive/2026/Sep/22/4ff69955-820f-4f45-b5ce-eb8a9338bbe2.mp3,9,0,
https://search.tima.vn/file/tongdai.tima.vn/archive/2026/Sep/22/13f01e28-a212-47ae-a289-e221a47ccc72.mp3,28,0,
https://search.tima.vn/file/tongdai.tima.vn/archive/2026/Sep/22/8fc6dca5-5d81-4fd5-8f2f-4573ce3fac54.mp3,73,56,
https://search.tima.vn/file/tongdai.tima.vn/archive/2026/Sep/22/e71a1bb9-de1a-438d-a3f9-c9d4947227f1.mp3,31,24,
https://search.tima.vn/file/tongdai.tima.vn/archive/2026/Sep/22/548bee01-22e1-4c90-9568-57601c6cadcf.mp3,39,0,
https://search.tima.vn/file/tongdai.tima.vn/archive/2026/Sep/22/b04fe1a1-500f-4b5a-b1ba-aebe8b15bfd8.mp3,12,0,
https://search.tima.vn/file/tongdai.tima.vn/archive/2026/Sep/22/4820968f-154a-43bb-adec-64bc1e9c8b4e.mp3,39,21,
https://search.tima.vn/file/tongdai.tima.vn/archive/2026/Sep/22/193b7605-4827-4337-a7ce-caf8043e0f96.mp3,28,0,
https://search.tima.vn/file/tongdai.tima.vn/archive/2026/Sep/22/21d8e434-f000-4c92-ae0e-86adfef5fff2.mp3,18,12,
https://search.tima.vn/file/tongdai.tima.vn/archive/2026/Sep/22/f308a120-e1a1-4f0b-a39d-7ff67d0f03c8.mp3,17,0,
https://search.tima.vn/file/tongdai.tima.vn/archive/2026/Sep/22/3172bd44-62af-430f-a655-d9b824ee93fc.mp3,40,0,
https://search.tima.vn/file/tongdai.tima.vn/archive/2026/Sep/22/834a653e-9c2a-4198-9a74-0abe9eb34494.mp3,17,12,
https://search.tima.vn/file/tongdai.tima.vn/archive/2026/Sep/22/93656230-e8d5-477f-ab00-0f98203fa9bc.mp3,35,0,
https://search.tima.vn/file/tongdai.tima.vn/archive/2026/Sep/22/628ff190-bcc1-4ad0-af75-6432f17de7f0.mp3,25,2,
https://search.tima.vn/file/tongdai.tima.vn/archive/2026/Sep/22/24848599-afa1-4263-b08f-a3049dcd5696.mp3,59,35,
https://search.tima.vn/file/tongdai.tima.vn/archive/2026/Sep/22/61530cdb-c009-4294-b412-2e34815b8e9c.mp3,19,2,
https://search.tima.vn/file/tongdai.tima.vn/archive/2026/Sep/22/01b6353a-295c-409a-9aa8-5c8c86de7ea7.mp3,38,17,
https://search.tima.vn/file/tongdai.tima.vn/archive/2026/Sep/22/8ae5f5e0-267e-4f26-85ef-d70ecb57a928.mp3,29,0,
https://search.tima.vn/file/tongdai.tima.vn/archive/2026/Sep/22/c1ae67c5-0688-4356-b00f-e61943175765.mp3,40,0,
https://search.tima.vn/file/tongdai.tima.vn/archive/2026/Sep/22/58329c32-f752-4470-aff9-324be385bdcc.mp3,39,0,
https://search.tima.vn/file/tongdai.tima.vn/archive/2026/Sep/22/0ea58a40-1b54-4f28-982c-b209cba6201a.mp3,39,0,
https://search.tima.vn/file/tongdai.tima.vn/archive/2026/Sep/22/a0c4a926-88c7-4a66-b11b-7a3a47d52232.mp3,39,0,
https://search.tima.vn/file/tongdai.tima.vn/archive/2026/Sep/22/0180989a-1e90-4a03-adac-821c8f84812f.mp3,39,0,
https://search.tima.vn/file/tongdai.tima.vn/archive/2026/Sep/22/22b553f6-dec4-41e5-8d54-5f9575a1c2d2.mp3,20,13,
https://search.tima.vn/file/tongdai.tima.vn/archive/2026/Sep/22/82641a70-5b85-447b-a81c-2bd67f908931.mp3,39,0,
https://search.tima.vn/file/tongdai.tima.vn/archive/2026/Sep/22/805800fa-bf34-4ffc-9b24-928f46ed433c.mp3,20,0,
https://search.tima.vn/file/tongdai.tima.vn/archive/2026/Sep/22/16fe607b-8c1c-4bf3-85ef-8c88bd341189.mp3,32,0,
https://search.tima.vn/file/tongdai.tima.vn/archive/2026/Sep/22/11400292-52a9-4d72-b6fe-00a26037cfd6.mp3,39,0,
https://search.tima.vn/file/tongdai.tima.vn/archive/2026/Sep/22/310f9042-f19f-44d6-9c7a-11b2da9a8084.mp3,39,0,
https://search.tima.vn/file/tongdai.tima.vn/archive/2026/Sep/22/87765e79-cb40-4746-8fc2-a37aecec970a.mp3,26,0,
https://search.tima.vn/file/tongdai.tima.vn/archive/2026/Sep/22/8731bd47-9361-457b-9d05-3a97bb76a52e.mp3,31,0,
https://search.tima.vn/file/tongdai.tima.vn/archive/2026/Sep/22/a7ef14d9-fb63-4f6b-9ad2-251c6b859e48.mp3,40,0,
https://search.tima.vn/file/tongdai.tima.vn/archive/2026/Sep/22/7bfcaa53-65f1-480d-959b-64011c6fbed6.mp3,39,0,
https://search.tima.vn/file/tongdai.tima.vn/archive/2026/Sep/22/bb264ca1-94de-44ca-bd9b-447bc7cc7e15.mp3,16,0,
https://search.tima.vn/file/tongdai.tima.vn/archive/2026/Sep/22/72481ff4-27c6-4121-8bca-6e82d54930dd.mp3,18,2,
https://search.tima.vn/file/tongdai.tima.vn/archive/2026/Sep/22/922f4b02-eec6-4c2a-a5dd-d8b934f85637.mp3,14,7,
https://search.tima.vn/file/tongdai.tima.vn/archive/2026/Sep/22/6d84ba05-5f99-4648-aa75-9e4628fc4157.mp3,42,25,
https://search.tima.vn/file/tongdai.tima.vn/archive/2026/Sep/22/3ccaa725-389c-4509-af67-48adca69548e.mp3,36,29,
https://search.tima.vn/file/tongdai.tima.vn/archive/2026/Sep/22/56f2192b-f7a2-4b59-aca0-d335cc5ca68b.mp3,40,25,
https://search.tima.vn/file/tongdai.tima.vn/archive/2026/Sep/22/8c9ebcc1-2e0d-43bf-af6c-12e116fd6936.mp3,19,2,
https://search.tima.vn/file/tongdai.tima.vn/archive/2026/Sep/22/a5b05edd-a2f6-4c91-98f0-6e26e7cc947a.mp3,32,25,
https://search.tima.vn/file/tongdai.tima.vn/archive/2026/Sep/22/678a3607-fab1-4fcf-b5b5-b063b22c3b20.mp3,35,26,
https://search.tima.vn/file/tongdai.tima.vn/archive/2026/Sep/22/897272a1-ad50-42fb-aab8-9de1bc5289bf.mp3,39,0,
https://search.tima.vn/file/tongdai.tima.vn/archive/2026/Sep/22/3c3fe730-c547-418a-a895-6078b6c3f948.mp3,39,0,
https://search.tima.vn/file/tongdai.tima.vn/archive/2026/Sep/22/4195795f-b029-4792-8311-6d184bb180a5.mp3,39,0,
https://search.tima.vn/file/tongdai.tima.vn/archive/2026/Sep/22/9588695e-2c63-4cd0-8282-2d1ea01a43e4.mp3,6,0,
https://search.tima.vn/file/tongdai.tima.vn/archive/2026/Sep/22/c4d3d1ac-862d-46d2-a238-bed5fa4e69ef.mp3,39,0,
https://search.tima.vn/file/tongdai.tima.vn/archive/2026/Sep/22/70e97eff-c773-47de-99e1-df1ed22ae159.mp3,30,24,
https://search.tima.vn/file/tongdai.tima.vn/archive/2026/Sep/22/4392acf8-c38a-43d3-ad24-a819cf8e736a.mp3,13,0,
https://search.tima.vn/file/tongdai.tima.vn/archive/2026/Sep/22/4dd5e9d4-2dd3-4c4f-abef-c6679f4533de.mp3,39,0,
https://search.tima.vn/file/tongdai.tima.vn/archive/2026/Sep/22/e6368343-6bca-4fa3-aa5e-11562362ffc3.mp3,39,0,
https://search.tima.vn/file/tongdai.tima.vn/archive/2026/Sep/22/82067ab0-21fb-4edf-be00-bc8fdf67041b.mp3,39,23,
https://search.tima.vn/file/tongdai.tima.vn/archive/2026/Sep/22/20624fd7-907f-471d-9989-d5c644f1d4c5.mp3,7,0,
https://search.tima.vn/file/tongdai.tima.vn/archive/2026/Sep/22/6a9640f4-9c2c-4284-a1e3-8bda920cb824.mp3,39,0,
https://search.tima.vn/file/tongdai.tima.vn/archive/2026/Sep/22/7ba510bd-8ca2-4456-870e-2fc905f41f39.mp3,22,0,
https://search.tima.vn/file/tongdai.tima.vn/archive/2026/Sep/22/8f67c67c-c4e7-4a8b-ab84-082fe35354ed.mp3,39,0,
https://search.tima.vn/file/tongdai.tima.vn/archive/2026/Sep/22/1112c7f2-fcb8-4fb6-9d43-8b11ea1fd218.mp3,23,0,
https://search.tima.vn/file/tongdai.tima.vn/archive/2026/Sep/22/eca801e8-5d18-4651-bf50-8035ce2d8954.mp3,36,24,
https://search.tima.vn/file/tongdai.tima.vn/archive/2026/Sep/22/56102ddb-1913-4796-aa70-30f1934f4d1d.mp3,73,56,
https://search.tima.vn/file/tongdai.tima.vn/archive/2026/Sep/22/afeba917-2c5c-4971-952e-9bcef49acb87.mp3,21,6,
https://search.tima.vn/file/tongdai.tima.vn/archive/2026/Sep/22/3f9aa250-4ad0-4e29-8108-d6253caec068.mp3,39,0,
https://search.tima.vn/file/tongdai.tima.vn/archive/2026/Sep/22/0a0daafa-9ac3-4212-915a-0033fc5d092f.mp3,24,15,
https://search.tima.vn/file/tongdai.tima.vn/archive/2026/Sep/22/875e25bd-e9f0-4d47-b64a-7c7f47b615b5.mp3,38,0,
https://search.tima.vn/file/tongdai.tima.vn/archive/2026/Sep/22/7a85e3bc-336b-4d6e-960e-732c1ccbc960.mp3,39,0,
https://search.tima.vn/file/tongdai.tima.vn/archive/2026/Sep/22/acc631df-defd-4cd1-a894-3ac46e8bbd4b.mp3,24,15,
https://search.tima.vn/file/tongdai.tima.vn/archive/2026/Sep/22/3606b66d-9c2b-4ca4-a65d-0ccfa5d1c6cd.mp3,39,0,
https://search.tima.vn/file/tongdai.tima.vn/archive/2026/Sep/22/d22a41a0-3be7-456a-8a0d-46a4405c52e2.mp3,39,0,
https://search.tima.vn/file/tongdai.tima.vn/archive/2026/Sep/22/91f915dd-d857-4f94-b932-dc23793b95bf.mp3,39,0,
https://search.tima.vn/file/tongdai.tima.vn/archive/2026/Sep/22/5e447baf-95b2-40b8-9bd1-fd14f9c9e4a0.mp3,41,12,
https://search.tima.vn/file/tongdai.tima.vn/archive/2026/Sep/22/d664f45d-b2c3-41e7-92ba-98e18bb8bd11.mp3,27,3,
https://search.tima.vn/file/tongdai.tima.vn/archive/2026/Sep/22/143269cf-1deb-4212-9b57-1df6c470e4f9.mp3,22,11,
https://search.tima.vn/file/tongdai.tima.vn/archive/2026/Sep/22/7dff9311-2705-49aa-8a85-5cc8730a8c70.mp3,39,0,
https://search.tima.vn/file/tongdai.tima.vn/archive/2026/Sep/22/4254b3d8-b629-44c8-85a0-f823ae224334.mp3,32,25,
https://search.tima.vn/file/tongdai.tima.vn/archive/2026/Sep/22/77bb9967-c092-49b1-ba00-ba8a79208878.mp3,23,16,
https://search.tima.vn/file/tongdai.tima.vn/archive/2026/Sep/22/a96a17c4-7943-4f1a-a024-3b24e904f910.mp3,39,0,
https://search.tima.vn/file/tongdai.tima.vn/archive/2026/Sep/22/61ee740a-a8e6-40d5-b807-414f7544a290.mp3,32,0,
https://search.tima.vn/file/tongdai.tima.vn/archive/2026/Sep/22/9546d5f1-4d2c-4265-b185-ed251a70619b.mp3,50,23,
https://search.tima.vn/file/tongdai.tima.vn/archive/2026/Sep/22/50a131d2-50bc-4f07-926e-3ecb464a7ae1.mp3,6,0,
https://search.tima.vn/file/tongdai.tima.vn/archive/2026/Sep/22/7aee8da3-d39f-4521-aff3-440a55d78855.mp3,52,24,
https://search.tima.vn/file/tongdai.tima.vn/archive/2026/Sep/22/d664a6ec-64d1-4b38-b779-4c219403b13c.mp3,36,0,
https://search.tima.vn/file/tongdai.tima.vn/archive/2026/Sep/22/e29c40e2-555e-49a6-a6b0-5ac1e33dc2f8.mp3,39,0,
https://search.tima.vn/file/tongdai.tima.vn/archive/2026/Sep/22/0b8daa15-7159-4fa4-9a65-f2d777548987.mp3,39,0,
https://search.tima.vn/file/tongdai.tima.vn/archive/2026/Sep/22/857ac26a-4c43-49c3-b2b8-aa7f4c90ab1f.mp3,39,0,
https://search.tima.vn/file/tongdai.tima.vn/archive/2026/Sep/22/545d08e3-4d1c-4fb6-afa6-e65135bcc1b9.mp3,28,0,
https://search.tima.vn/file/tongdai.tima.vn/archive/2026/Sep/22/51799ce4-8527-4bdc-a365-26f7146433c9.mp3,38,0,
https://search.tima.vn/file/tongdai.tima.vn/archive/2026/Sep/22/a1438b70-701f-49de-a7a4-71b2e45c0402.mp3,22,0,
https://search.tima.vn/file/tongdai.tima.vn/archive/2026/Sep/22/e7c06ec3-2eaf-481f-aa06-ccf40240417a.mp3,39,0,
https://search.tima.vn/file/tongdai.tima.vn/archive/2026/Sep/22/a160abd0-b7c4-4c37-a553-d3972d1a5a8c.mp3,35,21,
https://search.tima.vn/file/tongdai.tima.vn/archive/2026/Sep/22/4f251d59-e4d2-459e-9ec1-9a3b9a5fbab3.mp3,32,19,
https://search.tima.vn/file/tongdai.tima.vn/archive/2026/Sep/22/723c6136-c39f-42ae-9121-81eb002b5e25.mp3,13,5,
https://search.tima.vn/file/tongdai.tima.vn/archive/2026/Sep/22/23979864-77c5-4a36-b184-6357b9547cfe.mp3,34,26,
https://search.tima.vn/file/tongdai.tima.vn/archive/2026/Sep/22/b462072d-d063-45af-802c-e0bd554b1d5b.mp3,39,0,
https://search.tima.vn/file/tongdai.tima.vn/archive/2026/Sep/22/5224bbba-249a-40e3-9b2a-5ec301c0991e.mp3,39,0,
https://search.tima.vn/file/tongdai.tima.vn/archive/2026/Sep/22/13e7cc2a-9197-4999-b809-0255fb29bbdd.mp3,27,23,
https://search.tima.vn/file/tongdai.tima.vn/archive/2026/Sep/22/38eba8cc-ba04-493c-9a6b-0dba3ed37134.mp3,12,0,
https://search.tima.vn/file/tongdai.tima.vn/archive/2026/Sep/22/092c86d5-9e07-4117-be7d-a5320e6f7a87.mp3,39,0,
https://search.tima.vn/file/tongdai.tima.vn/archive/2026/Sep/22/31320b3e-3827-4066-8b34-dec275423add.mp3,39,0,
https://search.tima.vn/file/tongdai.tima.vn/archive/2026/Sep/22/a2872f41-a87b-4d43-b4c2-e20f2f8abc4c.mp3,29,13,
https://search.tima.vn/file/tongdai.tima.vn/archive/2026/Sep/22/e9d0a30e-5500-408d-bd5e-f2f324a1b9b4.mp3,39,0,
https://search.tima.vn/file/tongdai.tima.vn/archive/2026/Sep/22/bfd0a82b-856a-4e32-9f22-11185b7712c8.mp3,38,0,
https://search.tima.vn/file/tongdai.tima.vn/archive/2026/Sep/22/d0dc72c1-a199-4890-bacc-a3704793c63f.mp3,34,23,
https://search.tima.vn/file/tongdai.tima.vn/archive/2026/Sep/22/dd5de8a6-9a07-445d-9745-f4fb99000fa3.mp3,39,0,
https://search.tima.vn/file/tongdai.tima.vn/archive/2026/Sep/22/0de63d47-5f06-4655-9936-4b7e3bd53b02.mp3,41,19,
https://search.tima.vn/file/tongdai.tima.vn/archive/2026/Sep/22/0403627d-54b1-4358-9dc5-60427b2db9f9.mp3,6,0,
https://search.tima.vn/file/tongdai.tima.vn/archive/2026/Sep/22/8b5574b0-2731-47bb-8942-928e2703f12c.mp3,39,0,
https://search.tima.vn/file/tongdai.tima.vn/archive/2026/Sep/22/acca0ccc-6e99-4960-b453-8ad2fc43c6f4.mp3,39,0,
https://search.tima.vn/file/tongdai.tima.vn/archive/2026/Sep/22/8d660b24-8d9f-4bf9-a25f-8ca2e6af7177.mp3,38,0,
https://search.tima.vn/file/tongdai.tima.vn/archive/2026/Sep/22/b9126d81-2536-4f26-9091-fbbbdfc9fef5.mp3,34,23,
https://search.tima.vn/file/tongdai.tima.vn/archive/2026/Sep/22/6420e180-3dba-453d-9f73-32e2e32ea0b6.mp3,38,0,
https://search.tima.vn/file/tongdai.tima.vn/archive/2026/Sep/22/13ead1fa-04a1-4de4-b26f-36c0705d9822.mp3,39,0,
https://search.tima.vn/file/tongdai.tima.vn/archive/2026/Sep/22/f795afce-2f45-47a4-aae2-febe6d7b627a.mp3,29,0,
https://search.tima.vn/file/tongdai.tima.vn/archive/2026/Sep/22/b5adbfdb-f13f-4a5b-9296-cd8cbb298c81.mp3,26,0,
https://search.tima.vn/file/tongdai.tima.vn/archive/2026/Sep/22/1c5dcfaa-99da-4b20-adec-4cd320145b11.mp3,26,0,
https://search.tima.vn/file/tongdai.tima.vn/archive/2026/Sep/22/a0dc23cd-4c03-40aa-b023-eb83baa19098.mp3,27,24,
https://search.tima.vn/file/tongdai.tima.vn/archive/2026/Sep/22/dc0acf28-213d-4786-8d50-4a5817fabc17.mp3,21,0,
https://search.tima.vn/file/tongdai.tima.vn/archive/2026/Sep/22/bd086b48-51c2-4bb9-ba0a-e54373886f40.mp3,33,16,
https://search.tima.vn/file/tongdai.tima.vn/archive/2026/Sep/22/14ffd521-0ebe-4a17-a4ea-2a654ecaf50c.mp3,31,23,
https://search.tima.vn/file/tongdai.tima.vn/archive/2026/Sep/22/7229507f-9689-42dd-89e7-a132c29fa898.mp3,18,2,
https://search.tima.vn/file/tongdai.tima.vn/archive/2026/Sep/22/a0ba3300-84c8-40ab-9c8d-245346babfba.mp3,39,0,
https://search.tima.vn/file/tongdai.tima.vn/archive/2026/Sep/22/5d5dd795-115f-43a2-9877-4d74ef43e7ae.mp3,15,7,
https://search.tima.vn/file/tongdai.tima.vn/archive/2026/Sep/22/a8a9f9ef-7d0f-4351-b239-bede5abd6efa.mp3,21,0,
https://search.tima.vn/file/tongdai.tima.vn/archive/2026/Sep/22/97192be8-c4e8-437c-b412-40f69ba5e5e7.mp3,39,0,
https://search.tima.vn/file/tongdai.tima.vn/archive/2026/Sep/22/a2a0478c-92f3-4903-bfec-abae5f211c03.mp3,7,0,
https://search.tima.vn/file/tongdai.tima.vn/archive/2026/Sep/22/7b282a21-5920-47ba-a144-f0d7f24a1b1f.mp3,9,0,
https://search.tima.vn/file/tongdai.tima.vn/archive/2026/Sep/22/52df0568-0c50-41c4-90b9-83652d27c085.mp3,38,20,
https://search.tima.vn/file/tongdai.tima.vn/archive/2026/Sep/22/21cd257a-b38b-4100-b8a2-735bac3c18a8.mp3,18,2,
https://search.tima.vn/file/tongdai.tima.vn/archive/2026/Sep/22/0d150b53-1b85-4d81-b1ec-abba2ad580b4.mp3,39,0,
https://search.tima.vn/file/tongdai.tima.vn/archive/2026/Sep/22/9bd3786a-0c8c-40ba-9631-8d8621369dfa.mp3,18,2,
https://search.tima.vn/file/tongdai.tima.vn/archive/2026/Sep/22/820b0003-fe6c-4b18-83ea-4c5fe5f2cb5f.mp3,39,0,
https://search.tima.vn/file/tongdai.tima.vn/archive/2026/Sep/22/87e4960d-c6d6-4fd1-84d9-ef1f3caf52df.mp3,28,0,
https://search.tima.vn/file/tongdai.tima.vn/archive/2026/Sep/22/f2432963-54e0-48d1-a3a5-0006d0b7d3f7.mp3,74,55,
https://search.tima.vn/file/tongdai.tima.vn/archive/2026/Sep/22/98a2cb60-9c29-4acc-915e-10727673f02b.mp3,38,0,
https://search.tima.vn/file/tongdai.tima.vn/archive/2026/Sep/22/2f46f1f9-17c0-4c67-a30c-3140cb6256f5.mp3,34,25,
https://search.tima.vn/file/tongdai.tima.vn/archive/2026/Sep/22/dc9339da-f8e8-46ea-aa68-e4d337bbcf8c.mp3,39,0,
https://search.tima.vn/file/tongdai.tima.vn/archive/2026/Sep/22/c3a1941c-86cd-40e8-ab15-2aa1dd9ea7bb.mp3,20,0,
https://search.tima.vn/file/tongdai.tima.vn/archive/2026/Sep/22/c49186e8-3460-4ee2-88db-7522e7fccaff.mp3,26,0,
https://search.tima.vn/file/tongdai.tima.vn/archive/2026/Sep/22/0a894ced-2543-4d1d-b3a5-beb3d64ac20d.mp3,28,18,
https://search.tima.vn/file/tongdai.tima.vn/archive/2026/Sep/22/411e97a1-ec6b-4268-a664-b46e9b4af4ad.mp3,10,0,
https://search.tima.vn/file/tongdai.tima.vn/archive/2026/Sep/22/87916f08-ecbf-46d2-b267-f4bde373e6b6.mp3,29,21,
https://search.tima.vn/file/tongdai.tima.vn/archive/2026/Sep/22/2a7bc3cb-8ce1-4327-b338-29045f9d9bb0.mp3,32,23,
https://search.tima.vn/file/tongdai.tima.vn/archive/2026/Sep/22/8a765b8f-0a8e-4120-9f0c-da8849912309.mp3,6,0,
https://search.tima.vn/file/tongdai.tima.vn/archive/2026/Sep/22/73c4a7a4-4d57-4c1c-9499-088900da928b.mp3,29,24,
https://search.tima.vn/file/tongdai.tima.vn/archive/2026/Sep/22/7f33fd40-4021-4088-9ecc-d4588a3b09c9.mp3,40,0,
https://search.tima.vn/file/tongdai.tima.vn/archive/2026/Sep/22/9d1a29d9-95ca-4d74-a598-290f7843305d.mp3,21,11,
https://search.tima.vn/file/tongdai.tima.vn/archive/2026/Sep/22/e10ee491-fef6-4af7-b0d1-a1ab13f509ef.mp3,53,41,
https://search.tima.vn/file/tongdai.tima.vn/archive/2026/Sep/22/d27c1bec-8a97-4eef-b625-ddbf03f21104.mp3,27,16,
https://search.tima.vn/file/tongdai.tima.vn/archive/2026/Sep/22/0431f4ea-f62e-4fc4-95dd-392ba9152279.mp3,39,0,
https://search.tima.vn/file/tongdai.tima.vn/archive/2026/Sep/22/5c54ffa5-7a2f-4de7-8203-7b69881ea99b.mp3,27,0,
https://search.tima.vn/file/tongdai.tima.vn/archive/2026/Sep/22/11587eea-7b8b-404c-8279-4c46aff1ed07.mp3,20,0,
https://search.tima.vn/file/tongdai.tima.vn/archive/2026/Sep/22/1ac0feee-595a-4334-bd8e-24bda0b35a60.mp3,23,0,
https://search.tima.vn/file/tongdai.tima.vn/archive/2026/Sep/22/7606cf0c-c6d3-496e-ab08-256ea8081292.mp3,24,11,
https://search.tima.vn/file/tongdai.tima.vn/archive/2026/Sep/22/614a720b-420b-4be0-9b05-39f25a1db1c2.mp3,39,0,
https://search.tima.vn/file/tongdai.tima.vn/archive/2026/Sep/22/1bc278be-aa3b-487b-970e-9af48fe3b22e.mp3,21,7,
https://search.tima.vn/file/tongdai.tima.vn/archive/2026/Sep/22/126570f9-59c1-473f-9ed2-367973392017.mp3,20,0,
https://search.tima.vn/file/tongdai.tima.vn/archive/2026/Sep/22/dcd66f7d-f75e-4cef-bc45-e03bc60ba045.mp3,33,24,
https://search.tima.vn/file/tongdai.tima.vn/archive/2026/Sep/22/21ff3558-6a1b-438d-9772-870e0f64fab4.mp3,39,0,
https://search.tima.vn/file/tongdai.tima.vn/archive/2026/Sep/22/2ce59802-8929-4619-820f-b888270bdeb1.mp3,39,4,
https://search.tima.vn/file/tongdai.tima.vn/archive/2026/Sep/22/ac14859d-94ff-40ce-8282-80594f3edd3c.mp3,7,0,
https://search.tima.vn/file/tongdai.tima.vn/archive/2026/Sep/22/1d0bcf1a-0041-41b3-a9b6-2fe95ac1bc93.mp3,29,23,
https://search.tima.vn/file/tongdai.tima.vn/archive/2026/Sep/22/0422eaf1-eae7-4fa4-940b-57668637d07b.mp3,31,20,
https://search.tima.vn/file/tongdai.tima.vn/archive/2026/Sep/22/cdc169e0-a5e0-40fa-a015-9b611d84c03d.mp3,52,23,
https://search.tima.vn/file/tongdai.tima.vn/archive/2026/Sep/22/fc656a9e-bdea-4be2-beea-fa5617fc4010.mp3,30,6,
https://search.tima.vn/file/tongdai.tima.vn/archive/2026/Sep/22/e1cbe860-d320-4ac4-aacf-b59853567086.mp3,22,11,
https://search.tima.vn/file/tongdai.tima.vn/archive/2026/Sep/22/a47abe70-0e45-4da5-a241-d77deba6bc2c.mp3,39,0,
https://search.tima.vn/file/tongdai.tima.vn/archive/2026/Sep/22/e257927e-67b1-471f-9345-6025bcf2d343.mp3,39,0,
https://search.tima.vn/file/tongdai.tima.vn/archive/2026/Sep/22/19a20c01-97a4-42e4-968f-437b8c496dc8.mp3,28,13,
https://search.tima.vn/file/tongdai.tima.vn/archive/2026/Sep/22/5006eae3-b4d4-45b7-a272-022f3ede7923.mp3,28,0,
https://search.tima.vn/file/tongdai.tima.vn/archive/2026/Sep/22/524601f6-aa1b-463e-8056-59a471bd16e6.mp3,10,7,
https://search.tima.vn/file/tongdai.tima.vn/archive/2026/Sep/22/67d2bc6c-0feb-4372-8cd6-32f056703dce.mp3,39,0,
https://search.tima.vn/file/tongdai.tima.vn/archive/2026/Sep/22/7c69b6c8-ec30-4fb8-911c-f90cac6d1445.mp3,40,27,
https://search.tima.vn/file/tongdai.tima.vn/archive/2026/Sep/22/9d90f3cf-e7aa-4d62-9664-3c8bc77aade2.mp3,39,0,
https://search.tima.vn/file/tongdai.tima.vn/archive/2026/Sep/22/57f78dcc-b059-4039-8017-b43f902fbe9a.mp3,39,0,
https://search.tima.vn/file/tongdai.tima.vn/archive/2026/Sep/22/70e3cccd-110e-4f92-9968-597deee58ebd.mp3,10,6,
https://search.tima.vn/file/tongdai.tima.vn/archive/2026/Sep/22/4123a30c-cb67-41d1-a3ea-2f3819f33462.mp3,40,0,
https://search.tima.vn/file/tongdai.tima.vn/archive/2026/Sep/22/22cb73b7-bb95-43a2-8d36-2c6e5a23a181.mp3,39,0,
https://search.tima.vn/file/tongdai.tima.vn/archive/2026/Sep/22/d9880767-aff3-4221-940d-d86b8f92db9e.mp3,39,0,
https://search.tima.vn/file/tongdai.tima.vn/archive/2026/Sep/22/c16f95e5-9b54-4efc-b204-9ce29e051d9a.mp3,29,0,
https://search.tima.vn/file/tongdai.tima.vn/archive/2026/Sep/22/0bf3e35e-1339-4fbc-aa89-9d22c1d260de.mp3,43,29,
https://search.tima.vn/file/tongdai.tima.vn/archive/2026/Sep/22/4437d264-011b-4e4c-b0f0-9b138705366e.mp3,85,56,
https://search.tima.vn/file/tongdai.tima.vn/archive/2026/Sep/22/e0e27f66-eda6-4bcf-bee1-8ae37b754bcb.mp3,39,0,
https://search.tima.vn/file/tongdai.tima.vn/archive/2026/Sep/22/31a2571d-2564-4450-ab78-ee8762851877.mp3,15,4,
https://search.tima.vn/file/tongdai.tima.vn/archive/2026/Sep/22/22ef0465-7732-4714-b644-41383bb82186.mp3,83,56,
https://search.tima.vn/file/tongdai.tima.vn/archive/2026/Sep/22/d5dc6cc0-e684-4927-a87f-58a857a6f2dc.mp3,18,0,
https://search.tima.vn/file/tongdai.tima.vn/archive/2026/Sep/22/54c4572a-1ac7-4032-9aea-ff4b150a92b1.mp3,39,0,
https://search.tima.vn/file/tongdai.tima.vn/archive/2026/Sep/22/de48554a-fb50-4c22-a23e-0b49532553c7.mp3,32,24,
https://search.tima.vn/file/tongdai.tima.vn/archive/2026/Sep/22/bc425432-7b3b-44fe-a7f2-7a89b67b723f.mp3,38,24,
https://search.tima.vn/file/tongdai.tima.vn/archive/2026/Sep/22/153efda5-8eee-44ce-826f-592c053223a6.mp3,64,56,
https://search.tima.vn/file/tongdai.tima.vn/archive/2026/Sep/22/0b7f9f22-1057-416f-b21d-49b0f9c0af53.mp3,27,17,
https://search.tima.vn/file/tongdai.tima.vn/archive/2026/Sep/22/c2ef115b-b72d-4031-8baa-31b7237856f8.mp3,31,23,
https://search.tima.vn/file/tongdai.tima.vn/archive/2026/Sep/22/e3a59b7f-8aa5-4d60-8923-6ac1c3a44b2a.mp3,26,0,
https://search.tima.vn/file/tongdai.tima.vn/archive/2026/Sep/22/f4f5c70d-4730-4d85-98d8-095c5ffc0644.mp3,25,5,
https://search.tima.vn/file/tongdai.tima.vn/archive/2026/Sep/22/a3a26421-5bb6-4bc2-9ba2-645185713c17.mp3,48,20,
https://search.tima.vn/file/tongdai.tima.vn/archive/2026/Sep/22/a9611de0-1a7b-4522-a54b-6fcee2e1f66a.mp3,81,56,
https://search.tima.vn/file/tongdai.tima.vn/archive/2026/Sep/22/c1ef3fb9-fbef-4e24-be0a-669a184fe16c.mp3,17,10,
https://search.tima.vn/file/tongdai.tima.vn/archive/2026/Sep/22/6f3b5cd1-11e0-4c65-9002-823869905d66.mp3,39,0,
https://search.tima.vn/file/tongdai.tima.vn/archive/2026/Sep/22/72efde6a-8ce2-495c-83ce-3c04e8402c3a.mp3,43,27,
https://search.tima.vn/file/tongdai.tima.vn/archive/2026/Sep/22/22cdbea3-2e14-4fa4-9093-77faef1143c3.mp3,30,18,
https://search.tima.vn/file/tongdai.tima.vn/archive/2026/Sep/22/f7bee0ef-b862-429c-b2fc-f3034bd3cc23.mp3,38,21,
https://search.tima.vn/file/tongdai.tima.vn/archive/2026/Sep/22/f21b36f5-0535-4775-95a4-8fc313a63fad.mp3,51,38,
https://search.tima.vn/file/tongdai.tima.vn/archive/2026/Sep/22/d849f612-79b5-430b-9d78-842ec8b2a03f.mp3,26,0,
https://search.tima.vn/file/tongdai.tima.vn/archive/2026/Sep/22/65fb73b6-6f69-4f67-b571-205b50ddbe7b.mp3,28,0,
https://search.tima.vn/file/tongdai.tima.vn/archive/2026/Sep/22/c5c4d1c6-bae1-4bc5-9320-1fd341a54124.mp3,52,21,
https://search.tima.vn/file/tongdai.tima.vn/archive/2026/Sep/22/104e895b-dd49-4ac4-9ea5-738404bbdc1e.mp3,39,0,
https://search.tima.vn/file/tongdai.tima.vn/archive/2026/Sep/22/cff5a8fd-1262-4bfe-8afb-7013e5453d82.mp3,39,0,
https://search.tima.vn/file/tongdai.tima.vn/archive/2026/Sep/22/777f4148-2302-485a-b2ac-59fc8238aa5d.mp3,43,14,
https://search.tima.vn/file/tongdai.tima.vn/archive/2026/Sep/22/065bbb44-21bd-427e-9129-a333bdcf0b78.mp3,39,0,
https://search.tima.vn/file/tongdai.tima.vn/archive/2026/Sep/22/18fcd798-9367-44a7-949a-7574ff1d53d6.mp3,31,23,
https://search.tima.vn/file/tongdai.tima.vn/archive/2026/Sep/22/f364a911-c468-4007-a0a1-8ce3d5a8280d.mp3,20,0,
https://search.tima.vn/file/tongdai.tima.vn/archive/2026/Sep/22/ea967b32-9f26-49c4-ab4a-2673b30d8b53.mp3,26,0,
https://search.tima.vn/file/tongdai.tima.vn/archive/2026/Sep/22/9c046bd4-bd17-4b97-a61a-999617625f41.mp3,35,26,
https://search.tima.vn/file/tongdai.tima.vn/archive/2026/Sep/22/e26d3434-734d-453b-a1d3-2ac5a3770bce.mp3,39,0,
https://search.tima.vn/file/tongdai.tima.vn/archive/2026/Sep/22/c3f78759-2a80-4e63-8d80-277227bf324c.mp3,22,9,
https://search.tima.vn/file/tongdai.tima.vn/archive/2026/Sep/22/a488742c-4e0d-4baa-9b35-800655eb5523.mp3,29,0,
https://search.tima.vn/file/tongdai.tima.vn/archive/2026/Sep/22/026a7250-784b-478e-9ffc-515c34ebd1c4.mp3,38,24,
https://search.tima.vn/file/tongdai.tima.vn/archive/2026/Sep/22/27978bf1-d9df-4be9-bcc5-c85930487735.mp3,18,0,
https://search.tima.vn/file/tongdai.tima.vn/archive/2026/Sep/22/7145714a-1864-4b57-91c0-711b080aa96d.mp3,39,0,
https://search.tima.vn/file/tongdai.tima.vn/archive/2026/Sep/22/5c5c4dae-2bc8-4fd9-b8fc-7b80e5a42266.mp3,33,20,
https://search.tima.vn/file/tongdai.tima.vn/archive/2026/Sep/22/f7079c6f-d5c0-48be-8f5e-1c9ba9cd7c15.mp3,21,0,
https://search.tima.vn/file/tongdai.tima.vn/archive/2026/Sep/22/33431a2b-ac6d-433e-b720-9b029b463fa5.mp3,39,0,
https://search.tima.vn/file/tongdai.tima.vn/archive/2026/Sep/22/99f4f943-b932-409f-8b1d-5df48ba2762e.mp3,39,0,
https://search.tima.vn/file/tongdai.tima.vn/archive/2026/Sep/22/90cf31ab-c665-4326-9a26-32c9ad345d30.mp3,39,16,
https://search.tima.vn/file/tongdai.tima.vn/archive/2026/Sep/22/c873d491-0eb9-49b1-8ef4-2ac145cc9412.mp3,7,0,
https://search.tima.vn/file/tongdai.tima.vn/archive/2026/Sep/22/ff4c5f7b-2296-46bc-8979-2a5375a01fde.mp3,61,46,
https://search.tima.vn/file/tongdai.tima.vn/archive/2026/Sep/22/dab0572a-ed49-40a5-a4ed-c74efd155b63.mp3,22,15,
https://search.tima.vn/file/tongdai.tima.vn/archive/2026/Sep/22/70131db1-1779-440a-9866-d3704c4708a8.mp3,18,2,
https://search.tima.vn/file/tongdai.tima.vn/archive/2026/Sep/22/841126d5-fad3-4f18-b219-dbffc4455612.mp3,29,0,
https://search.tima.vn/file/tongdai.tima.vn/archive/2026/Sep/22/003af3bc-9d3c-4e03-9732-b542d72dc410.mp3,8,0,
https://search.tima.vn/file/tongdai.tima.vn/archive/2026/Sep/22/38c7e049-2fe5-4e81-b96a-975cf521c14c.mp3,19,2,
https://search.tima.vn/file/tongdai.tima.vn/archive/2026/Sep/22/08b8cab2-a13d-46a8-b165-28d18dc54d1c.mp3,32,24,
https://search.tima.vn/file/tongdai.tima.vn/archive/2026/Sep/22/38f7365f-238e-4e4d-abf7-c22bdb4859cf.mp3,39,0,
https://search.tima.vn/file/tongdai.tima.vn/archive/2026/Sep/22/349bfa8a-7fc2-4f1d-aeea-3fa664513f53.mp3,12,0,
https://search.tima.vn/file/tongdai.tima.vn/archive/2026/Sep/22/21d605bd-4834-4403-be5f-6a712561d277.mp3,25,17,
https://search.tima.vn/file/tongdai.tima.vn/archive/2026/Sep/22/5a86f352-18f3-43e4-b2c8-4f05965536f6.mp3,28,0,
https://search.tima.vn/file/tongdai.tima.vn/archive/2026/Sep/22/d5c852d5-9698-4f53-9e21-cf3891d32fc9.mp3,23,16,
https://search.tima.vn/file/tongdai.tima.vn/archive/2026/Sep/22/f060bb14-c291-4af3-8477-44488594117f.mp3,16,0,
https://search.tima.vn/file/tongdai.tima.vn/archive/2026/Sep/22/4e38b554-75af-4ba9-8954-1aa59e2c84cb.mp3,6,0,
https://search.tima.vn/file/tongdai.tima.vn/archive/2026/Sep/22/c84a7fef-c010-492f-a17e-60fb1794ffea.mp3,40,0,
https://search.tima.vn/file/tongdai.tima.vn/archive/2026/Sep/22/2e50412a-55b4-47be-b262-6cca9ce8d147.mp3,35,18,
https://search.tima.vn/file/tongdai.tima.vn/archive/2026/Sep/22/05af9810-a739-4741-b66f-d1b2d1a09382.mp3,31,24,
https://search.tima.vn/file/tongdai.tima.vn/archive/2026/Sep/22/b56702b5-bced-4db4-8782-880ab2911f0d.mp3,41,26,
https://search.tima.vn/file/tongdai.tima.vn/archive/2026/Sep/22/8c8da3f4-12b1-4e26-b349-1d7fe419e2c7.mp3,20,0,
https://search.tima.vn/file/tongdai.tima.vn/archive/2026/Sep/22/8f763a36-c244-4f59-be28-58f286a8b405.mp3,39,0,
https://search.tima.vn/file/tongdai.tima.vn/archive/2026/Sep/22/e4dcebd2-597d-4ebb-b662-f56f0ca77b78.mp3,18,2,
https://search.tima.vn/file/tongdai.tima.vn/archive/2026/Sep/22/d7e928ab-1149-4049-9d45-5e07d390d7ba.mp3,39,0,
https://search.tima.vn/file/tongdai.tima.vn/archive/2026/Sep/22/caa0d345-d05d-4583-969f-a35633f27e68.mp3,39,0,
https://search.tima.vn/file/tongdai.tima.vn/archive/2026/Sep/22/f8b73bcb-90cc-4c95-8f10-fe08b816dea9.mp3,36,26,
https://search.tima.vn/file/tongdai.tima.vn/archive/2026/Sep/22/396bf09f-3f73-487e-b34e-dfff85380a9a.mp3,39,0,
https://search.tima.vn/file/tongdai.tima.vn/archive/2026/Sep/22/e24146a7-9b2c-464e-83bf-4ebf91a8f0ee.mp3,39,0,
https://search.tima.vn/file/tongdai.tima.vn/archive/2026/Sep/22/e5b138f1-a8ec-4dd4-96e1-d76b34c5ae4c.mp3,25,10,
https://search.tima.vn/file/tongdai.tima.vn/archive/2026/Sep/22/32ebf1a5-9b44-439e-a840-1151252f0425.mp3,38,2,
https://search.tima.vn/file/tongdai.tima.vn/archive/2026/Sep/22/d4af3929-b81c-45fe-8de1-6126d0422041.mp3,39,0,
https://search.tima.vn/file/tongdai.tima.vn/archive/2026/Sep/22/3bad4069-c2cb-4c07-a681-e098585853ae.mp3,39,0,
https://search.tima.vn/file/tongdai.tima.vn/archive/2026/Sep/22/c22d1366-77d5-4063-9e12-fd2c89b29902.mp3,41,10,
https://search.tima.vn/file/tongdai.tima.vn/archive/2026/Sep/22/31d1ed93-e930-4ced-bceb-ead8eafaf73c.mp3,39,0,
https://search.tima.vn/file/tongdai.tima.vn/archive/2026/Sep/22/7c25d3a7-fd54-44de-a825-3be36b896dcb.mp3,39,0,
https://search.tima.vn/file/tongdai.tima.vn/archive/2026/Sep/22/1fda1d8a-552b-49a2-8504-e38582e7ad8e.mp3,38,0,
https://search.tima.vn/file/tongdai.tima.vn/archive/2026/Sep/22/3b276b53-692b-4e22-94a2-24469d7c6438.mp3,20,0,
https://search.tima.vn/file/tongdai.tima.vn/archive/2026/Sep/22/3b826465-386f-4ccd-91d2-f790b4781c16.mp3,9,0,
https://search.tima.vn/file/tongdai.tima.vn/archive/2026/Sep/22/ec4e59d5-bcdb-4d61-9d90-ad2aa354fbd3.mp3,37,11,
https://search.tima.vn/file/tongdai.tima.vn/archive/2026/Sep/22/ecfbb972-178d-49ca-abf1-a0768896c6ab.mp3,39,0,
https://search.tima.vn/file/tongdai.tima.vn/archive/2026/Sep/22/fd8cc447-6109-479c-924c-fd1408ccf9d1.mp3,40,0,
https://search.tima.vn/file/tongdai.tima.vn/archive/2026/Sep/22/4cb3baac-31d0-4384-af33-20a15b6e8c63.mp3,25,12,
https://search.tima.vn/file/tongdai.tima.vn/archive/2026/Sep/22/9115bc2e-d7f4-437f-8b6c-5ae32d1d7cbd.mp3,8,0,
https://search.tima.vn/file/tongdai.tima.vn/archive/2026/Sep/22/802e059e-ba10-4434-878d-13c5cace47c4.mp3,31,25,
https://search.tima.vn/file/tongdai.tima.vn/archive/2026/Sep/22/0987e384-1941-4c35-b6ca-01b4cd71a6db.mp3,30,13,
https://search.tima.vn/file/tongdai.tima.vn/archive/2026/Sep/22/6fc48996-cba7-49a3-aed7-459da2feb9e2.mp3,39,0,
https://search.tima.vn/file/tongdai.tima.vn/archive/2026/Sep/22/0192df51-120f-4605-9507-51db6174750b.mp3,39,0,
https://search.tima.vn/file/tongdai.tima.vn/archive/2026/Sep/22/098e4b49-0ef7-46d7-88e1-c8eff5960878.mp3,39,0,
https://search.tima.vn/file/tongdai.tima.vn/archive/2026/Sep/22/d8bd6f24-14de-47ca-8b77-cef445d7be79.mp3,39,0,
https://search.tima.vn/file/tongdai.tima.vn/archive/2026/Sep/22/bdfb3f92-1f83-4163-a166-c8abcba75677.mp3,39,0,
https://search.tima.vn/file/tongdai.tima.vn/archive/2026/Sep/22/824be581-a2c5-4b78-8c19-95f4d7f545da.mp3,21,0,
https://search.tima.vn/file/tongdai.tima.vn/archive/2026/Sep/22/1aaa9fa0-7d15-4600-a077-124be7ca1a4a.mp3,39,0,
https://search.tima.vn/file/tongdai.tima.vn/archive/2026/Sep/22/7f591976-6973-4776-86c6-58de472ea6c0.mp3,24,11,
https://search.tima.vn/file/tongdai.tima.vn/archive/2026/Sep/22/9cdd3ad5-8160-42b4-9838-d694e86f458e.mp3,17,0,
https://search.tima.vn/file/tongdai.tima.vn/archive/2026/Sep/22/66175904-dbac-44d2-9ea6-56f97713b1e9.mp3,39,0,
https://search.tima.vn/file/tongdai.tima.vn/archive/2026/Sep/22/a8979d65-c025-43ab-b6b8-798a93ccad21.mp3,7,0,
https://search.tima.vn/file/tongdai.tima.vn/archive/2026/Sep/22/52de7968-65a9-49c3-9962-c1a084c3e51b.mp3,21,0,
https://search.tima.vn/file/tongdai.tima.vn/archive/2026/Sep/22/867c9e94-2ca8-4e4f-ba0d-f5fd16550f0a.mp3,38,0,
https://search.tima.vn/file/tongdai.tima.vn/archive/2026/Sep/22/2758f2ef-6a2c-46a7-9f6c-2c07eb724a2c.mp3,39,0,
https://search.tima.vn/file/tongdai.tima.vn/archive/2026/Sep/22/dcd6e2be-3381-49e8-8f98-b69fe3274ae9.mp3,21,0,
https://search.tima.vn/file/tongdai.tima.vn/archive/2026/Sep/22/2bed17d9-d7d8-46ef-9187-d3051d697435.mp3,65,64,
https://search.tima.vn/file/tongdai.tima.vn/archive/2026/Sep/22/d24b938d-8a32-4733-aac3-89ea7ad23660.mp3,32,24,
https://search.tima.vn/file/tongdai.tima.vn/archive/2026/Sep/22/bd155cea-b34e-44fd-a715-25a0d9abde81.mp3,16,0,
https://search.tima.vn/file/tongdai.tima.vn/archive/2026/Sep/22/23333c7e-a649-4a46-932e-471ec92d70c2.mp3,25,18,
https://search.tima.vn/file/tongdai.tima.vn/archive/2026/Sep/22/c5876a74-bf32-49d2-a4e6-741a781ce17a.mp3,31,0,
https://search.tima.vn/file/tongdai.tima.vn/archive/2026/Sep/22/f53a99a6-4019-4f71-889b-03c3977da496.mp3,20,0,
https://search.tima.vn/file/tongdai.tima.vn/archive/2026/Sep/22/4e8f52fc-cfa4-4410-ab6b-ccfda59a4afb.mp3,33,23,
https://search.tima.vn/file/tongdai.tima.vn/archive/2026/Sep/22/f0b753b5-270c-4d00-aae3-ae220d359624.mp3,31,0,
https://search.tima.vn/file/tongdai.tima.vn/archive/2026/Sep/22/a205835e-02f0-4f89-8f8c-e45f41e89ee9.mp3,39,0,
https://search.tima.vn/file/tongdai.tima.vn/archive/2026/Sep/22/6a344992-d12a-4d3d-8352-04a70a3ce95f.mp3,39,0,
https://search.tima.vn/file/tongdai.tima.vn/archive/2026/Sep/22/4b0d2cf7-7193-4d72-a914-771fc3b70419.mp3,39,0,
https://search.tima.vn/file/tongdai.tima.vn/archive/2026/Sep/22/7e6e0ba7-f4d4-4366-9697-9eff74e8cd51.mp3,39,0,
https://search.tima.vn/file/tongdai.tima.vn/archive/2026/Sep/22/cc483b28-2b25-447a-920c-aff3057506c3.mp3,22,2,
https://search.tima.vn/file/tongdai.tima.vn/archive/2026/Sep/22/81587b0c-42e8-4eca-b5ee-996fe7f95fc4.mp3,50,31,
https://search.tima.vn/file/tongdai.tima.vn/archive/2026/Sep/22/98550a47-3335-47fc-9853-3f60a1f583f4.mp3,37,0,
https://search.tima.vn/file/tongdai.tima.vn/archive/2026/Sep/22/a84a049f-00ec-4fc3-8a39-6d629cb8c9de.mp3,33,27,
https://search.tima.vn/file/tongdai.tima.vn/archive/2026/Sep/22/5bd6022c-048a-463f-a4a6-331fa8dc1525.mp3,39,0,
https://search.tima.vn/file/tongdai.tima.vn/archive/2026/Sep/22/86d5d393-ccad-4b55-8fcb-dc1660e99224.mp3,36,0,
https://search.tima.vn/file/tongdai.tima.vn/archive/2026/Sep/22/8fda9ac3-5680-44ac-b0b4-484c22ed895f.mp3,39,0,
https://search.tima.vn/file/tongdai.tima.vn/archive/2026/Sep/22/dc3b52b7-301b-4067-b7c1-6beca9af8326.mp3,39,0,
https://search.tima.vn/file/tongdai.tima.vn/archive/2026/Sep/22/fc8e6f27-6175-457f-b432-20e1897dc5ff.mp3,20,0,
https://search.tima.vn/file/tongdai.tima.vn/archive/2026/Sep/22/3abd6891-4036-4646-90bd-0b9cb90bc705.mp3,36,29,
https://search.tima.vn/file/tongdai.tima.vn/archive/2026/Sep/22/63acf547-0625-4b6c-8588-10544907d805.mp3,39,0,
https://search.tima.vn/file/tongdai.tima.vn/archive/2026/Sep/22/01370ca2-92b1-4229-a617-9e696f72244b.mp3,39,0,
https://search.tima.vn/file/tongdai.tima.vn/archive/2026/Sep/22/ce2bf51a-4127-41d4-9ff8-79c076e0307f.mp3,39,0,
https://search.tima.vn/file/tongdai.tima.vn/archive/2026/Sep/22/7023684a-372e-464d-b76f-575de3d5a11f.mp3,34,0,
https://search.tima.vn/file/tongdai.tima.vn/archive/2026/Sep/22/df97ad68-3866-4064-88f8-09bc7fc6da3e.mp3,33,27,
https://search.tima.vn/file/tongdai.tima.vn/archive/2026/Sep/22/eca39418-b0e8-4b4a-8cb6-a3b3d8236ce1.mp3,34,24,
https://search.tima.vn/file/tongdai.tima.vn/archive/2026/Sep/22/f7804249-ab2a-4d68-9abb-3363600c749d.mp3,38,0,
https://search.tima.vn/file/tongdai.tima.vn/archive/2026/Sep/22/d47f5f70-ae17-47d7-ac31-28fa1eb585f0.mp3,39,3,
https://search.tima.vn/file/tongdai.tima.vn/archive/2026/Sep/22/3686be44-0361-47d0-8912-1c0039700ac4.mp3,18,2,
https://search.tima.vn/file/tongdai.tima.vn/archive/2026/Sep/22/064b90b4-cf07-480e-b82b-56a1dfc750b1.mp3,39,26,
https://search.tima.vn/file/tongdai.tima.vn/archive/2026/Sep/22/d62652cd-eb53-4b6c-8298-402f14888a54.mp3,21,15,
https://search.tima.vn/file/tongdai.tima.vn/archive/2026/Sep/22/f69db56d-ca1a-46e0-b7b3-578d02948509.mp3,39,0,
https://search.tima.vn/file/tongdai.tima.vn/archive/2026/Sep/22/5f4d2e9d-22d6-423d-8220-70b4592cc494.mp3,27,17,
https://search.tima.vn/file/tongdai.tima.vn/archive/2026/Sep/22/59250e14-e6c8-4e3e-b0db-e35b61137832.mp3,76,56,
https://search.tima.vn/file/tongdai.tima.vn/archive/2026/Sep/22/9ce2f786-2059-4fd9-a4f0-1dfb638168ba.mp3,18,10,
https://search.tima.vn/file/tongdai.tima.vn/archive/2026/Sep/22/3a5b492d-3527-4d25-9df4-8ca11f3165b9.mp3,38,0,
https://search.tima.vn/file/tongdai.tima.vn/archive/2026/Sep/22/e259fc9e-2c84-45a9-ae93-78bac17fd552.mp3,39,0,
https://search.tima.vn/file/tongdai.tima.vn/archive/2026/Sep/22/b853ec50-1d57-47e2-8cf8-a03beb97540e.mp3,43,34,
https://search.tima.vn/file/tongdai.tima.vn/archive/2026/Sep/22/d0b34fcb-eaf2-4571-93c1-3287653115bc.mp3,38,0,
https://search.tima.vn/file/tongdai.tima.vn/archive/2026/Sep/22/750f603f-2348-4ef5-a5f2-744b2888c9c7.mp3,29,23,
https://search.tima.vn/file/tongdai.tima.vn/archive/2026/Sep/22/757d6489-b2bb-4877-8bce-088c97f6f776.mp3,18,2,
https://search.tima.vn/file/tongdai.tima.vn/archive/2026/Sep/22/b1c9196e-b67a-4f6a-9c2d-8609743ff2c6.mp3,39,0,
https://search.tima.vn/file/tongdai.tima.vn/archive/2026/Sep/22/39d40ab4-92c1-46fc-806e-f746dc0fb212.mp3,39,0,
https://search.tima.vn/file/tongdai.tima.vn/archive/2026/Sep/22/28f827bd-2323-46bb-b3c3-aa121e19c93f.mp3,35,24,
https://search.tima.vn/file/tongdai.tima.vn/archive/2026/Sep/22/beacc71a-414a-43bc-a76a-68973c941c99.mp3,18,10,
https://search.tima.vn/file/tongdai.tima.vn/archive/2026/Sep/22/cb3cdc48-db69-4e7e-b724-586cde5f1817.mp3,39,0,
https://search.tima.vn/file/tongdai.tima.vn/archive/2026/Sep/22/f41ad1c7-3eb9-4580-891d-46bd1b074ca6.mp3,16,0,
https://search.tima.vn/file/tongdai.tima.vn/archive/2026/Sep/22/1a275c95-5200-4872-b181-940c26ebeddc.mp3,39,0,
https://search.tima.vn/file/tongdai.tima.vn/archive/2026/Sep/22/04ce20fa-5235-4afc-a44f-de31b4ab9aab.mp3,21,0,
https://search.tima.vn/file/tongdai.tima.vn/archive/2026/Sep/22/32546381-6a69-4ee6-8802-4662b2dc86b9.mp3,50,26,
https://search.tima.vn/file/tongdai.tima.vn/archive/2026/Sep/22/7358a589-4486-4232-ac60-568f0210326d.mp3,19,0,
https://search.tima.vn/file/tongdai.tima.vn/archive/2026/Sep/22/381e4740-bc41-4b73-a28c-62b0f7d94465.mp3,39,0,
https://search.tima.vn/file/tongdai.tima.vn/archive/2026/Sep/22/21cf87b0-4de3-489c-b64c-b11f50d33c36.mp3,17,11,
https://search.tima.vn/file/tongdai.tima.vn/archive/2026/Sep/22/7cd308eb-c49d-44d9-b5a2-da21e900de1c.mp3,38,0,
https://search.tima.vn/file/tongdai.tima.vn/archive/2026/Sep/22/fd7213ab-e209-4f3b-998a-c8095c1dd782.mp3,19,2,
https://search.tima.vn/file/tongdai.tima.vn/archive/2026/Sep/22/89f675c7-9bb4-4df5-bda4-cb635a2aa782.mp3,26,12,
https://search.tima.vn/file/tongdai.tima.vn/archive/2026/Sep/22/5eae328d-12bc-4762-a002-003c47172a22.mp3,39,0,
https://search.tima.vn/file/tongdai.tima.vn/archive/2026/Sep/22/d4d51a83-3724-4699-bdac-d08ae8e41334.mp3,71,56,
https://search.tima.vn/file/tongdai.tima.vn/archive/2026/Sep/22/2652dcd0-8bdd-4e82-a9d9-d73409003e2a.mp3,32,0,
https://search.tima.vn/file/tongdai.tima.vn/archive/2026/Sep/22/bebd4dcf-62d6-4e4c-9dd4-ba42fbb9d34e.mp3,39,0,
https://search.tima.vn/file/tongdai.tima.vn/archive/2026/Sep/22/0406bfba-72ef-480e-92ae-942fcd7fc329.mp3,39,0,
https://search.tima.vn/file/tongdai.tima.vn/archive/2026/Sep/22/2ce41216-4824-4d1b-b1d7-e7590b7a2bcc.mp3,24,13,
https://search.tima.vn/file/tongdai.tima.vn/archive/2026/Sep/22/567efb9a-63e7-4958-923b-5432560da09d.mp3,39,0,
https://search.tima.vn/file/tongdai.tima.vn/archive/2026/Sep/22/cfa71451-83ab-4150-97a2-c52b76fbf79b.mp3,39,0,
https://search.tima.vn/file/tongdai.tima.vn/archive/2026/Sep/22/208978b7-7806-4556-9806-9105e1670355.mp3,17,13,
https://search.tima.vn/file/tongdai.tima.vn/archive/2026/Sep/22/0bfc66af-1eb9-456c-8939-37e60da610fe.mp3,39,0,
https://search.tima.vn/file/tongdai.tima.vn/archive/2026/Sep/22/ce0efe77-cc55-444c-a25c-fa95012803c0.mp3,17,0,
https://search.tima.vn/file/tongdai.tima.vn/archive/2026/Sep/22/9f4b9545-6185-4bb2-b74f-61a6c3b88fa4.mp3,17,11,
https://search.tima.vn/file/tongdai.tima.vn/archive/2026/Sep/22/627e2a67-db52-44ea-9643-acd7c5628e78.mp3,39,0,
https://search.tima.vn/file/tongdai.tima.vn/archive/2026/Sep/22/9ed58b43-9af2-40d4-ba5f-c3db98030983.mp3,39,0,
https://search.tima.vn/file/tongdai.tima.vn/archive/2026/Sep/22/579dc28c-062b-4cce-9974-48e8eb049d67.mp3,39,0,
https://search.tima.vn/file/tongdai.tima.vn/archive/2026/Sep/22/09fda5ac-6d58-472f-aec0-3226c31d0a41.mp3,39,0,
https://search.tima.vn/file/tongdai.tima.vn/archive/2026/Sep/22/dd6c7419-9f67-4c9d-8137-9193f50ff35e.mp3,21,0,
https://search.tima.vn/file/tongdai.tima.vn/archive/2026/Sep/22/fa1b38da-69a3-4e46-98c4-026b30e1d671.mp3,39,0,
https://search.tima.vn/file/tongdai.tima.vn/archive/2026/Sep/22/8ea7d4f7-7636-48aa-89fe-201ccc2b76f2.mp3,31,0,
https://search.tima.vn/file/tongdai.tima.vn/archive/2026/Sep/22/3a76094f-9a4d-4cd0-a269-bf8f9f2919f5.mp3,72,56,
https://search.tima.vn/file/tongdai.tima.vn/archive/2026/Sep/22/d106e38a-dda2-41eb-aebb-ee83ace1062d.mp3,31,0,
https://search.tima.vn/file/tongdai.tima.vn/archive/2026/Sep/22/2e61638a-2b91-4711-b492-34357e84785d.mp3,32,0,
https://search.tima.vn/file/tongdai.tima.vn/archive/2026/Sep/22/00cee92c-df46-4d2f-9ec9-42eea02b7cf7.mp3,39,0,
https://search.tima.vn/file/tongdai.tima.vn/archive/2026/Sep/22/d931cacd-8057-482b-be72-a893133a46c3.mp3,39,0,
https://search.tima.vn/file/tongdai.tima.vn/archive/2026/Sep/22/ba4faefd-ab6e-4040-8e8c-5076d231a31a.mp3,27,12,
https://search.tima.vn/file/tongdai.tima.vn/archive/2026/Sep/22/af191915-1f48-42d2-8312-8225d97795c8.mp3,20,0,
https://search.tima.vn/file/tongdai.tima.vn/archive/2026/Sep/22/dbb48f52-cac2-42d0-89c4-c2313b1d5e8e.mp3,39,0,
https://search.tima.vn/file/tongdai.tima.vn/archive/2026/Sep/22/a9c22be4-a5b3-4f64-9d43-aa58e80f4030.mp3,36,0,
https://search.tima.vn/file/tongdai.tima.vn/archive/2026/Sep/22/2aaafe09-6f26-42cb-87bf-2af4dff7911d.mp3,34,18,
https://search.tima.vn/file/tongdai.tima.vn/archive/2026/Sep/22/f163e5b9-4a1e-4074-bc7c-b69c4f400484.mp3,20,8,
https://search.tima.vn/file/tongdai.tima.vn/archive/2026/Sep/22/c1565910-9b8b-436c-8f21-4ff34179b2ea.mp3,20,0,
https://search.tima.vn/file/tongdai.tima.vn/archive/2026/Sep/22/8f244dab-0a0b-4104-9db0-31ef9d17e203.mp3,45,35,
https://search.tima.vn/file/tongdai.tima.vn/archive/2026/Sep/22/c803545b-cefe-4352-81c9-dc6f45d242e8.mp3,31,19,
https://search.tima.vn/file/tongdai.tima.vn/archive/2026/Sep/22/9a1302a3-4dc7-40f5-a2a8-734605bfe636.mp3,21,0,
https://search.tima.vn/file/tongdai.tima.vn/archive/2026/Sep/22/7d31f3d9-5678-41b9-9029-62a1111fcf0d.mp3,46,40,
https://search.tima.vn/file/tongdai.tima.vn/archive/2026/Sep/22/aeac2bd8-ec80-4fd8-bc2a-5f3eb8bade76.mp3,16,0,
https://search.tima.vn/file/tongdai.tima.vn/archive/2026/Sep/22/5c8b8b5a-8c27-4486-af99-7200f7bc3fef.mp3,46,24,
https://search.tima.vn/file/tongdai.tima.vn/archive/2026/Sep/22/c77b34cb-2ab2-4158-b0f1-c13d5e6c0dfa.mp3,39,0,
https://search.tima.vn/file/tongdai.tima.vn/archive/2026/Sep/22/078be195-527b-4cab-a5be-5a5f10248973.mp3,20,0,
https://search.tima.vn/file/tongdai.tima.vn/archive/2026/Sep/22/6c7c7ca3-14d5-44ec-9e46-66481a6f2c66.mp3,16,0,
https://search.tima.vn/file/tongdai.tima.vn/archive/2026/Sep/22/9d5a9438-b83e-41f4-aefd-e7b9d1f551c6.mp3,39,0,
https://search.tima.vn/file/tongdai.tima.vn/archive/2026/Sep/22/6556e525-0d7c-4182-8d2b-cf1348279d95.mp3,48,24,
https://search.tima.vn/file/tongdai.tima.vn/archive/2026/Sep/22/2774f4a7-dcd2-4289-9b4c-f49117b32c5f.mp3,12,0,
https://search.tima.vn/file/tongdai.tima.vn/archive/2026/Sep/22/195238b3-4bdc-410f-b856-91cb369072e5.mp3,41,12,
https://search.tima.vn/file/tongdai.tima.vn/archive/2026/Sep/22/f06d5787-9603-4ab4-961c-d194652a6d71.mp3,39,0,
https://search.tima.vn/file/tongdai.tima.vn/archive/2026/Sep/22/d53cb4d1-63b4-41e4-8d7d-900968e18a9a.mp3,37,26,
https://search.tima.vn/file/tongdai.tima.vn/archive/2026/Sep/22/694bb541-8e13-4a41-b33a-3c33be3a6a94.mp3,39,0,
https://search.tima.vn/file/tongdai.tima.vn/archive/2026/Sep/22/7c66f211-d72b-48d0-a68d-90254b7819f1.mp3,31,19,
https://search.tima.vn/file/tongdai.tima.vn/archive/2026/Sep/22/34ea20db-d0e7-41c0-bb95-8555b4b079b4.mp3,39,0,
https://search.tima.vn/file/tongdai.tima.vn/archive/2026/Sep/22/61754b1d-f76d-4bcc-8527-94a0772cafc3.mp3,39,0,
https://search.tima.vn/file/tongdai.tima.vn/archive/2026/Sep/22/80dc5463-ddb9-4b71-9a4c-d0a75738d03d.mp3,16,9,
https://search.tima.vn/file/tongdai.tima.vn/archive/2026/Sep/22/b4448bc1-03cd-4fb4-aab0-edc290de1e47.mp3,39,0,
https://search.tima.vn/file/tongdai.tima.vn/archive/2026/Sep/22/5a0a20af-a7d5-4be4-a480-3865ea355b93.mp3,11,6,
https://search.tima.vn/file/tongdai.tima.vn/archive/2026/Sep/22/5d5ce361-ff49-44b5-b4cd-5608a8646c18.mp3,51,21,
https://search.tima.vn/file/tongdai.tima.vn/archive/2026/Sep/22/c5e80739-19fd-4f92-b4b8-72e0b90d5e6f.mp3,39,0,
https://search.tima.vn/file/tongdai.tima.vn/archive/2026/Sep/22/19808d91-357a-45a8-8b4e-63ea07cb89ab.mp3,39,0,
https://search.tima.vn/file/tongdai.tima.vn/archive/2026/Sep/22/b05c078d-88a5-435b-9255-b8b06c2b450b.mp3,39,0,
https://search.tima.vn/file/tongdai.tima.vn/archive/2026/Sep/22/afd7855d-96f9-4a85-a606-dc11d5647de5.mp3,23,12,
https://search.tima.vn/file/tongdai.tima.vn/archive/2026/Sep/22/2c3f2f26-2247-45b6-a277-206f81a9f849.mp3,26,0,
https://search.tima.vn/file/tongdai.tima.vn/archive/2026/Sep/22/0d9203a6-53fc-49c7-b0dd-3ed89004c807.mp3,33,23,
https://search.tima.vn/file/tongdai.tima.vn/archive/2026/Sep/22/0faa24fd-8430-46ce-b089-b8be64ff93e3.mp3,39,0,
https://search.tima.vn/file/tongdai.tima.vn/archive/2026/Sep/22/478e8e78-e6ae-4b57-a954-7c108f1afb78.mp3,39,0,
https://search.tima.vn/file/tongdai.tima.vn/archive/2026/Sep/22/5907ce10-1085-4150-b0f0-a17de5438f43.mp3,39,0,
https://search.tima.vn/file/tongdai.tima.vn/archive/2026/Sep/22/8910cad7-e514-4275-a16f-7063b7866892.mp3,39,0,
https://search.tima.vn/file/tongdai.tima.vn/archive/2026/Sep/22/849126d3-1782-45d4-9554-ea04889820cc.mp3,7,0,
https://search.tima.vn/file/tongdai.tima.vn/archive/2026/Sep/22/4adbf7ca-eedd-436d-8cbb-d6c4c63a982b.mp3,39,0,
https://search.tima.vn/file/tongdai.tima.vn/archive/2026/Sep/22/3bab0f12-c9f1-4e91-80f5-ae7c3b5af978.mp3,39,0,
https://search.tima.vn/file/tongdai.tima.vn/archive/2026/Sep/22/dfb88a93-ed27-420d-a74a-3c93a9f6a69a.mp3,18,2,
https://search.tima.vn/file/tongdai.tima.vn/archive/2026/Sep/22/98b32e83-a63c-4c41-baa0-af0f55489e50.mp3,34,26,
https://search.tima.vn/file/tongdai.tima.vn/archive/2026/Sep/22/261ac1cf-bf8f-45a1-8797-88c7201ae868.mp3,26,18,
https://search.tima.vn/file/tongdai.tima.vn/archive/2026/Sep/22/1e15976d-e9cb-4598-93c0-b7e70917a743.mp3,40,25,
https://search.tima.vn/file/tongdai.tima.vn/archive/2026/Sep/22/11f095b6-374b-4a10-b490-db87573e6e0f.mp3,39,0,
https://search.tima.vn/file/tongdai.tima.vn/archive/2026/Sep/22/6b38be68-70f3-4186-b85d-de6e51ec2818.mp3,32,19,
https://search.tima.vn/file/tongdai.tima.vn/archive/2026/Sep/22/d48f7fef-2441-4b2e-9ddf-1ba9bccde3f5.mp3,44,24,
https://search.tima.vn/file/tongdai.tima.vn/archive/2026/Sep/22/4e8b58c4-042f-41f6-95e0-a52d94555e7a.mp3,40,0,
https://search.tima.vn/file/tongdai.tima.vn/archive/2026/Sep/22/1d662112-c313-425d-b44b-98fdf2ec6cb6.mp3,30,12,
https://search.tima.vn/file/tongdai.tima.vn/archive/2026/Sep/22/1d0c9706-9304-4a27-8818-60992e07b80c.mp3,47,11,
https://search.tima.vn/file/tongdai.tima.vn/archive/2026/Sep/22/3763f7ba-bb0e-4f15-8a42-4fd7b73b9794.mp3,25,2,
https://search.tima.vn/file/tongdai.tima.vn/archive/2026/Sep/22/de60d2e2-5e76-4fee-aadd-f042e3d3a21a.mp3,38,0,
https://search.tima.vn/file/tongdai.tima.vn/archive/2026/Sep/22/9b327b0c-6e49-4216-8093-8aef10deb76e.mp3,28,23,
https://search.tima.vn/file/tongdai.tima.vn/archive/2026/Sep/22/fb7c708a-70ef-42cf-98db-99ba97c0bd54.mp3,39,0,
https://search.tima.vn/file/tongdai.tima.vn/archive/2026/Sep/22/28b9ae69-7e05-4a43-8f9d-68b160b7a363.mp3,39,0,
https://search.tima.vn/file/tongdai.tima.vn/archive/2026/Sep/22/16a2e04c-bc58-431f-b0cd-780ede73d8dd.mp3,23,10,
https://search.tima.vn/file/tongdai.tima.vn/archive/2026/Sep/22/8fcc90c0-a345-45b0-9caa-8f09aa147ccb.mp3,15,0,
https://search.tima.vn/file/tongdai.tima.vn/archive/2026/Sep/22/8659a07c-5429-4a6c-a7c9-43e39b6b4025.mp3,16,0,
https://search.tima.vn/file/tongdai.tima.vn/archive/2026/Sep/22/c7928a53-9d68-45a1-a568-f6ed610024ef.mp3,18,11,
https://search.tima.vn/file/tongdai.tima.vn/archive/2026/Sep/22/d27ba209-c72d-4db0-8068-8362e9b0fffd.mp3,39,0,
https://search.tima.vn/file/tongdai.tima.vn/archive/2026/Sep/22/1ab2b027-1da3-46c0-892f-34803de30c1e.mp3,34,21,
https://search.tima.vn/file/tongdai.tima.vn/archive/2026/Sep/22/f9c9df9e-5536-4238-b6bc-a9d61fcf7773.mp3,18,2,
https://search.tima.vn/file/tongdai.tima.vn/archive/2026/Sep/22/e462191f-88e5-4041-ab02-7101ae458afc.mp3,39,0,
https://search.tima.vn/file/tongdai.tima.vn/archive/2026/Sep/22/5350336b-d724-4099-9982-117dd27416b5.mp3,39,0,
https://search.tima.vn/file/tongdai.tima.vn/archive/2026/Sep/22/e58d0287-1c5e-430d-8bc7-6f26c663ea68.mp3,19,0,
https://search.tima.vn/file/tongdai.tima.vn/archive/2026/Sep/22/d113bb07-bf68-4af9-884e-8d5f227b9936.mp3,29,0,
https://search.tima.vn/file/tongdai.tima.vn/archive/2026/Sep/22/d28af378-36c9-4ee1-a16d-5c1766ed56ca.mp3,38,0,
https://search.tima.vn/file/tongdai.tima.vn/archive/2026/Sep/22/5f86a0c0-b1b1-426d-87e7-12f1ec585291.mp3,21,0,
https://search.tima.vn/file/tongdai.tima.vn/archive/2026/Sep/22/9c4492c0-7f78-4653-bf76-0a2065d40f9f.mp3,39,0,
https://search.tima.vn/file/tongdai.tima.vn/archive/2026/Sep/22/43ae32bf-9146-452e-bd2e-bc0984f5fd7a.mp3,41,17,
https://search.tima.vn/file/tongdai.tima.vn/archive/2026/Sep/22/ad68c8c2-addc-4d0e-a13f-5d615d984499.mp3,36,24,
https://search.tima.vn/file/tongdai.tima.vn/archive/2026/Sep/22/98303244-a3c3-497c-bad3-9970c327fe94.mp3,57,48,
https://search.tima.vn/file/tongdai.tima.vn/archive/2026/Sep/22/fbf94719-2e12-4e68-9608-bcff60b85ce8.mp3,39,0,
https://search.tima.vn/file/tongdai.tima.vn/archive/2026/Sep/22/a5a4aed0-d8dc-4332-ad51-1d661f18f3fe.mp3,43,32,
https://search.tima.vn/file/tongdai.tima.vn/archive/2026/Sep/22/fcf18074-eed0-4813-9c31-90e6be95e1e0.mp3,18,11,
https://search.tima.vn/file/tongdai.tima.vn/archive/2026/Sep/22/e6449012-006b-4ac9-994d-1ccdc4ac46e4.mp3,10,6,
https://search.tima.vn/file/tongdai.tima.vn/archive/2026/Sep/22/600ffa75-c869-4755-8133-71c628cc9859.mp3,32,0,
https://search.tima.vn/file/tongdai.tima.vn/archive/2026/Sep/22/0895f622-36c8-4b7b-ad1d-c30acc42a02e.mp3,39,0,
https://search.tima.vn/file/tongdai.tima.vn/archive/2026/Sep/22/bea2c01e-a9f9-47f9-9082-78a485df7c0a.mp3,39,0,
https://search.tima.vn/file/tongdai.tima.vn/archive/2026/Sep/22/f49db0df-939c-46d7-a152-4062349864e4.mp3,39,0,
https://search.tima.vn/file/tongdai.tima.vn/archive/2026/Sep/22/a18458b4-28bd-469f-ad6d-ef04a17f3384.mp3,45,26,
https://search.tima.vn/file/tongdai.tima.vn/archive/2026/Sep/22/b668fd18-af02-4a7a-af6a-e2604d43bfe4.mp3,39,0,
https://search.tima.vn/file/tongdai.tima.vn/archive/2026/Sep/22/408e5ed0-5971-49ba-9d9b-75b81665b784.mp3,20,12,
https://search.tima.vn/file/tongdai.tima.vn/archive/2026/Sep/22/810b2c6a-b32e-467c-ba9c-363de38bc0cb.mp3,28,12,
https://search.tima.vn/file/tongdai.tima.vn/archive/2026/Sep/22/00d832aa-f9fb-47d0-b470-acd4cf2717e6.mp3,32,13,
https://search.tima.vn/file/tongdai.tima.vn/archive/2026/Sep/22/9af76c7c-3e1c-462c-8fa6-4a20e8e25e5d.mp3,22,12,
https://search.tima.vn/file/tongdai.tima.vn/archive/2026/Sep/22/30cb787d-95c3-43c4-b505-0f29aa3bcc2b.mp3,19,8,
https://search.tima.vn/file/tongdai.tima.vn/archive/2026/Sep/22/a46e70eb-ac9c-46b2-8d55-4b5aec3e99e0.mp3,34,18,
https://search.tima.vn/file/tongdai.tima.vn/archive/2026/Sep/22/17fb69f9-9a5d-446c-8586-a495ef52416c.mp3,39,0,
https://search.tima.vn/file/tongdai.tima.vn/archive/2026/Sep/22/454f2de4-c656-430a-abe0-e4ff94969841.mp3,8,0,
https://search.tima.vn/file/tongdai.tima.vn/archive/2026/Sep/22/8a645bdd-214b-4e99-8414-4aa8df02e33d.mp3,39,0,
https://search.tima.vn/file/tongdai.tima.vn/archive/2026/Sep/22/798c4adf-1809-4c02-9c86-83d5a8403895.mp3,21,12,
https://search.tima.vn/file/tongdai.tima.vn/archive/2026/Sep/22/b5ba3548-3333-417e-b2e6-f6c81187b7c3.mp3,17,0,
https://search.tima.vn/file/tongdai.tima.vn/archive/2026/Sep/22/cd6a0733-6ece-4ce5-a33b-c6913595cf7a.mp3,39,0,
https://search.tima.vn/file/tongdai.tima.vn/archive/2026/Sep/22/607d359f-49c8-4a42-8543-a62c85ada103.mp3,39,0,
https://search.tima.vn/file/tongdai.tima.vn/archive/2026/Sep/22/2c7f1f87-8ade-49fc-8620-921720070dcb.mp3,31,23,
https://search.tima.vn/file/tongdai.tima.vn/archive/2026/Sep/22/79fd585f-8c09-4010-9fb4-8f89215967a5.mp3,39,0,
https://search.tima.vn/file/tongdai.tima.vn/archive/2026/Sep/22/523c0f31-8d5d-4487-a527-3931fff1ded0.mp3,36,16,
https://search.tima.vn/file/tongdai.tima.vn/archive/2026/Sep/22/382c6341-2cef-4745-94d0-24a249966d5e.mp3,6,0,
https://search.tima.vn/file/tongdai.tima.vn/archive/2026/Sep/22/13f4d354-15ca-4289-a1a4-cce446ec76b4.mp3,39,16,
https://search.tima.vn/file/tongdai.tima.vn/archive/2026/Sep/22/b1d5d68b-92c6-4793-9073-c55681a2d109.mp3,14,0,
https://search.tima.vn/file/tongdai.tima.vn/archive/2026/Sep/22/739d4614-b648-47c5-8e5e-c87c8b7cb39a.mp3,46,36,
https://search.tima.vn/file/tongdai.tima.vn/archive/2026/Sep/22/109510be-fa18-4347-817a-1825870c9548.mp3,16,0,
https://search.tima.vn/file/tongdai.tima.vn/archive/2026/Sep/22/f4673e4a-4725-4141-ac4a-359d57ca4880.mp3,19,0,
https://search.tima.vn/file/tongdai.tima.vn/archive/2026/Sep/22/3e5fd87b-bbc8-4a89-a10d-c99324543517.mp3,22,13,
https://search.tima.vn/file/tongdai.tima.vn/archive/2026/Sep/22/2a05e5af-c8ef-47a5-bf47-c100c2471da6.mp3,39,0,
https://search.tima.vn/file/tongdai.tima.vn/archive/2026/Sep/22/070cffa7-203c-433b-be0f-dd73e270fc70.mp3,41,19,
https://search.tima.vn/file/tongdai.tima.vn/archive/2026/Sep/22/782fea61-1a3b-4207-9710-d739b54196a0.mp3,32,21,
https://search.tima.vn/file/tongdai.tima.vn/archive/2026/Sep/22/9f15a819-e148-44e9-b5f8-ae52466f2d30.mp3,29,0,
https://search.tima.vn/file/tongdai.tima.vn/archive/2026/Sep/22/50f5ad7d-a72d-4c71-b1b3-f4375362fb07.mp3,12,0,
https://search.tima.vn/file/tongdai.tima.vn/archive/2026/Sep/22/abe3672a-6489-4078-9641-114a9c803561.mp3,21,0,
https://search.tima.vn/file/tongdai.tima.vn/archive/2026/Sep/22/b6d45257-4828-4b77-91a1-75ff2b2e8f36.mp3,36,0,
https://search.tima.vn/file/tongdai.tima.vn/archive/2026/Sep/22/fac9e31d-f61e-4cb1-bf16-40c58a7f23d8.mp3,17,7,
https://search.tima.vn/file/tongdai.tima.vn/archive/2026/Sep/22/723197aa-a2bb-41bb-9b8a-97b9e738ca2e.mp3,26,0,
https://search.tima.vn/file/tongdai.tima.vn/archive/2026/Sep/22/b7d9382c-297f-449c-b36f-9df004fd0054.mp3,55,46,
https://search.tima.vn/file/tongdai.tima.vn/archive/2026/Sep/22/a36be0d3-c3be-4ccb-901e-99c9c99212f7.mp3,21,2,
https://search.tima.vn/file/tongdai.tima.vn/archive/2026/Sep/22/9bb5962c-d3bb-4e6a-8f11-7aaf2647e727.mp3,30,19,
https://search.tima.vn/file/tongdai.tima.vn/archive/2026/Sep/22/fa544b66-9e69-4411-9edd-eaa42af8e37e.mp3,39,0,
https://search.tima.vn/file/tongdai.tima.vn/archive/2026/Sep/22/adfc7968-03ab-4a1e-8156-b480dede815e.mp3,39,0,
https://search.tima.vn/file/tongdai.tima.vn/archive/2026/Sep/22/3b3668bf-2336-4d09-bee2-98751a1c0dcc.mp3,39,0,
https://search.tima.vn/file/tongdai.tima.vn/archive/2026/Sep/22/fd0a8c08-9f37-444c-a59f-08b1cc065c45.mp3,68,55,
https://search.tima.vn/file/tongdai.tima.vn/archive/2026/Sep/22/a4439c86-d9cb-4fc9-bfd6-e79cb8f82f75.mp3,26,0,
https://search.tima.vn/file/tongdai.tima.vn/archive/2026/Sep/22/91f362e9-0a9a-437f-9bb5-454087b3e0af.mp3,28,0,
https://search.tima.vn/file/tongdai.tima.vn/archive/2026/Sep/22/0a30f4d7-cdc2-4391-9fd9-3a35df77381b.mp3,38,0,
https://search.tima.vn/file/tongdai.tima.vn/archive/2026/Sep/22/6ce7c04f-b2f3-4458-b5ca-3f9c4d58ddcf.mp3,40,32,
https://search.tima.vn/file/tongdai.tima.vn/archive/2026/Sep/22/e3f61f43-3855-43db-9d49-332155f16c69.mp3,60,56,
https://search.tima.vn/file/tongdai.tima.vn/archive/2026/Sep/22/852cf332-00ef-400f-b6bd-da6c4cad32d8.mp3,39,0,
https://search.tima.vn/file/tongdai.tima.vn/archive/2026/Sep/22/5a5e2428-89e5-40f1-ae9d-c8a50e3c9ff5.mp3,33,26,
https://search.tima.vn/file/tongdai.tima.vn/archive/2026/Sep/22/594461ef-17b0-4b84-b211-0da6e9aad2ac.mp3,39,0,
https://search.tima.vn/file/tongdai.tima.vn/archive/2026/Sep/22/7a8f3ae3-d30e-4ed3-bfe6-25e8f323051c.mp3,39,0,
https://search.tima.vn/file/tongdai.tima.vn/archive/2026/Sep/22/d340ca17-8c01-4e76-8a59-f6989da050d0.mp3,19,12,
https://search.tima.vn/file/tongdai.tima.vn/archive/2026/Sep/22/dfa0898d-d0f4-4396-9bc3-1b33075af857.mp3,39,0,
https://search.tima.vn/file/tongdai.tima.vn/archive/2026/Sep/22/007bd6cf-9c97-467e-9c53-947c47ea1565.mp3,39,0,
https://search.tima.vn/file/tongdai.tima.vn/archive/2026/Sep/22/b8192ec0-e571-4669-94c8-50b2b15ab3da.mp3,31,23,
https://search.tima.vn/file/tongdai.tima.vn/archive/2026/Sep/22/fcb1ecd6-86df-49d7-ba0b-55397898a45c.mp3,33,26,
https://search.tima.vn/file/tongdai.tima.vn/archive/2026/Sep/22/9164a614-435f-4e30-890c-b4b189c031ae.mp3,17,0,
https://search.tima.vn/file/tongdai.tima.vn/archive/2026/Sep/22/44fb647b-f21b-41ab-a7ce-03e5bd76b175.mp3,39,0,
https://search.tima.vn/file/tongdai.tima.vn/archive/2026/Sep/22/eba2b4f7-c0da-4b33-aad4-decf242200c4.mp3,31,0,
https://search.tima.vn/file/tongdai.tima.vn/archive/2026/Sep/22/b5fda96d-325b-42c3-99ee-3666814497d0.mp3,24,18,
https://search.tima.vn/file/tongdai.tima.vn/archive/2026/Sep/22/318bf399-756e-4bf4-8034-08a430432bf0.mp3,33,23,
https://search.tima.vn/file/tongdai.tima.vn/archive/2026/Sep/22/0c104b33-0646-4349-9ebd-37865cdb65ef.mp3,33,26,
https://search.tima.vn/file/tongdai.tima.vn/archive/2026/Sep/22/0bfbcf22-dc74-4573-ad26-323708bf02e8.mp3,39,0,
https://search.tima.vn/file/tongdai.tima.vn/archive/2026/Sep/22/7d01b4d8-db40-4ea8-9c5b-5714b617f768.mp3,65,56,
https://search.tima.vn/file/tongdai.tima.vn/archive/2026/Sep/22/5f742085-4617-4116-ac28-1fd2068c9f14.mp3,23,17,
https://search.tima.vn/file/tongdai.tima.vn/archive/2026/Sep/22/370dde0f-0e6d-47c9-bbe9-a3a9d1c040b8.mp3,39,0,
https://search.tima.vn/file/tongdai.tima.vn/archive/2026/Sep/22/9fd680c6-9de1-4c81-a165-33be04bf4b91.mp3,39,0,
https://search.tima.vn/file/tongdai.tima.vn/archive/2026/Sep/22/bda3e0cb-2d6e-4766-9c4c-a827c83ea29f.mp3,39,0,
https://search.tima.vn/file/tongdai.tima.vn/archive/2026/Sep/22/5aaea3cc-3969-4ae3-9b04-83e2238d006d.mp3,17,8,
https://search.tima.vn/file/tongdai.tima.vn/archive/2026/Sep/22/d97e5f72-d7ad-48ba-8da9-3c561123b804.mp3,7,0,
https://search.tima.vn/file/tongdai.tima.vn/archive/2026/Sep/22/76869f9c-2434-4a30-aa76-474cc12ed89a.mp3,16,0,
https://search.tima.vn/file/tongdai.tima.vn/archive/2026/Sep/22/c21f2546-8f8c-443d-80a3-4883be4eaa26.mp3,61,50,
https://search.tima.vn/file/tongdai.tima.vn/archive/2026/Sep/22/bfbb9c5d-2a3c-4f71-bf59-4eec6a09b296.mp3,19,0,
https://search.tima.vn/file/tongdai.tima.vn/archive/2026/Sep/22/4a80da75-fb9f-4a6f-b4d7-780483adedad.mp3,39,0,
https://search.tima.vn/file/tongdai.tima.vn/archive/2026/Sep/22/889583c1-b284-4a14-b497-0e7b4cdd4a48.mp3,39,0,
https://search.tima.vn/file/tongdai.tima.vn/archive/2026/Sep/22/732846ed-b330-463c-b6d5-5f3f68c2476c.mp3,39,0,
https://search.tima.vn/file/tongdai.tima.vn/archive/2026/Sep/22/c47730d7-a08a-4c26-974a-ef17c56cd21c.mp3,30,25,
https://search.tima.vn/file/tongdai.tima.vn/archive/2026/Sep/22/f530cad3-f1f4-4728-8158-5d8bd989a04e.mp3,21,0,
https://search.tima.vn/file/tongdai.tima.vn/archive/2026/Sep/22/24149b21-93d2-40be-8179-43b4b653ed17.mp3,17,0,
https://search.tima.vn/file/tongdai.tima.vn/archive/2026/Sep/22/7d28c536-1b65-4d17-8143-b3f624cd275b.mp3,39,0,
https://search.tima.vn/file/tongdai.tima.vn/archive/2026/Sep/22/a6fbea41-6d80-4c50-b9b7-dc8d723e7915.mp3,36,30,
https://search.tima.vn/file/tongdai.tima.vn/archive/2026/Sep/22/572b4d0f-55cf-4f68-b267-c50a1f0ce539.mp3,28,19,
https://search.tima.vn/file/tongdai.tima.vn/archive/2026/Sep/22/69abeeec-c821-4fdf-b25a-2e9f52038daa.mp3,39,0,
https://search.tima.vn/file/tongdai.tima.vn/archive/2026/Sep/22/6c12c041-b508-42dd-8de0-fdc2551a5ca6.mp3,39,0,
https://search.tima.vn/file/tongdai.tima.vn/archive/2026/Sep/22/0fc1a193-f526-4e7e-82de-7698cb316a25.mp3,57,55,
https://search.tima.vn/file/tongdai.tima.vn/archive/2026/Sep/22/c8142e0d-97b6-4fe3-8946-2441209510b4.mp3,39,0,
https://search.tima.vn/file/tongdai.tima.vn/archive/2026/Sep/22/2143e8f3-a273-4752-863e-fa12c7589719.mp3,19,0,
https://search.tima.vn/file/tongdai.tima.vn/archive/2026/Sep/22/656dbcdf-1770-426f-beb9-5f687ff58e85.mp3,16,0,
https://search.tima.vn/file/tongdai.tima.vn/archive/2026/Sep/22/c2a7fda5-4923-4197-a274-ab3e625f2c4a.mp3,18,0,
https://search.tima.vn/file/tongdai.tima.vn/archive/2026/Sep/22/b72ed593-6bc5-4d53-8d92-6a41070424f6.mp3,22,12,
https://search.tima.vn/file/tongdai.tima.vn/archive/2026/Sep/22/e55f2aa7-9a81-4976-98c7-1c44ced166b3.mp3,26,0,
https://search.tima.vn/file/tongdai.tima.vn/archive/2026/Sep/22/8f66e92d-faf9-4252-9834-901881bd1f0f.mp3,39,0,
https://search.tima.vn/file/tongdai.tima.vn/archive/2026/Sep/22/0ed93872-ffce-4c33-af9d-04f494258331.mp3,17,0,
https://search.tima.vn/file/tongdai.tima.vn/archive/2026/Sep/22/8b435b46-5a85-4887-a013-82562bc59963.mp3,16,0,
https://search.tima.vn/file/tongdai.tima.vn/archive/2026/Sep/22/f6b67375-3d7d-410f-a78b-969260e60886.mp3,23,13,
https://search.tima.vn/file/tongdai.tima.vn/archive/2026/Sep/22/1f24820b-6a58-4e56-8543-0a5df7188b47.mp3,17,0,
https://search.tima.vn/file/tongdai.tima.vn/archive/2026/Sep/22/e5b5c627-2d34-45e2-9d8b-7af862804785.mp3,39,0,
https://search.tima.vn/file/tongdai.tima.vn/archive/2026/Sep/22/ba44290e-bc0c-4953-90da-eb5cf833283d.mp3,39,0,
https://search.tima.vn/file/tongdai.tima.vn/archive/2026/Sep/22/dae7ee8e-ddff-43f4-85bb-558868a2ce9e.mp3,18,2,
https://search.tima.vn/file/tongdai.tima.vn/archive/2026/Sep/22/4e91a37c-856e-4740-9b50-72869e5a91b3.mp3,31,0,
https://search.tima.vn/file/tongdai.tima.vn/archive/2026/Sep/22/aabc3e80-19fe-4f54-a122-ebfdd6d3456c.mp3,39,0,
https://search.tima.vn/file/tongdai.tima.vn/archive/2026/Sep/22/35c418d0-dbc2-46f0-9a5a-ac11f02e7b2b.mp3,39,0,
https://search.tima.vn/file/tongdai.tima.vn/archive/2026/Sep/22/4f15ce7a-8895-40ec-84cb-303ea152fabd.mp3,38,0,
https://search.tima.vn/file/tongdai.tima.vn/archive/2026/Sep/22/8b0647db-5f2f-4205-a425-6d62098e6229.mp3,23,8,
https://search.tima.vn/file/tongdai.tima.vn/archive/2026/Sep/22/db116702-6839-4933-be4a-1e54f66578b3.mp3,39,0,
https://search.tima.vn/file/tongdai.tima.vn/archive/2026/Sep/22/2d3a0f37-cd6c-482c-9fba-98308348e1a0.mp3,39,0,
https://search.tima.vn/file/tongdai.tima.vn/archive/2026/Sep/22/5c0ce52f-e21d-4761-9470-1f817e801fa6.mp3,16,0,
https://search.tima.vn/file/tongdai.tima.vn/archive/2026/Sep/22/212bc381-5553-40f2-a3c1-35e7c685fc50.mp3,39,0,
https://search.tima.vn/file/tongdai.tima.vn/archive/2026/Sep/22/c69536a8-ba05-4a92-9bff-4a4dd0be908c.mp3,17,0,
https://search.tima.vn/file/tongdai.tima.vn/archive/2026/Sep/22/667adb4b-0253-4876-a45e-4ce7cae18af3.mp3,47,27,
https://search.tima.vn/file/tongdai.tima.vn/archive/2026/Sep/22/4b788f91-cb59-4844-a7da-1c4d4d9ed843.mp3,39,0,
https://search.tima.vn/file/tongdai.tima.vn/archive/2026/Sep/22/8030e4e4-9757-4540-a93c-281a43724579.mp3,15,11,
https://search.tima.vn/file/tongdai.tima.vn/archive/2026/Sep/22/d2456b95-da10-4b4d-a81b-8b12b4e19529.mp3,16,0,
https://search.tima.vn/file/tongdai.tima.vn/archive/2026/Sep/22/172872a4-395e-4c24-90d9-2ba1c995da9b.mp3,16,0,
https://search.tima.vn/file/tongdai.tima.vn/archive/2026/Sep/22/174dbe18-a6a2-44e1-81a6-81aa0909bd85.mp3,14,6,
https://search.tima.vn/file/tongdai.tima.vn/archive/2026/Sep/22/121ca8be-0783-4b32-95c4-9caa02e8861c.mp3,57,56,
https://search.tima.vn/file/tongdai.tima.vn/archive/2026/Sep/22/6bc21f4b-b6cc-4695-88a2-43b0811a4137.mp3,6,0,
https://search.tima.vn/file/tongdai.tima.vn/archive/2026/Sep/22/531998a7-b3a3-429f-9e0f-ecc15de38c17.mp3,21,0,
https://search.tima.vn/file/tongdai.tima.vn/archive/2026/Sep/22/f2c658fb-0cc5-4100-95af-3b8278c143b2.mp3,39,0,
https://search.tima.vn/file/tongdai.tima.vn/archive/2026/Sep/22/40266d8e-f296-4e2e-b1a8-38869afcca3f.mp3,39,0,
https://search.tima.vn/file/tongdai.tima.vn/archive/2026/Sep/22/9aa0a191-b252-44c7-857f-500c45fe5d46.mp3,35,15,
https://search.tima.vn/file/tongdai.tima.vn/archive/2026/Sep/22/e2b86405-fb12-4b14-af47-8ec22254ad79.mp3,39,0,
https://search.tima.vn/file/tongdai.tima.vn/archive/2026/Sep/22/d03b0fa3-8148-43a1-aa0d-e120c801c081.mp3,27,2,
https://search.tima.vn/file/tongdai.tima.vn/archive/2026/Sep/22/9f758bc5-5e62-4d26-9b2f-cec4ece39957.mp3,39,0,
https://search.tima.vn/file/tongdai.tima.vn/archive/2026/Sep/22/a2d93bda-652e-4c55-85d1-af14f14025c8.mp3,37,2,
https://search.tima.vn/file/tongdai.tima.vn/archive/2026/Sep/22/93ab53c8-27fa-4dc6-8232-7d9dbc527f8c.mp3,38,0,
https://search.tima.vn/file/tongdai.tima.vn/archive/2026/Sep/22/5d7331a5-b936-4600-837a-baf5bb4f1ac8.mp3,39,0,
https://search.tima.vn/file/tongdai.tima.vn/archive/2026/Sep/22/50b48f1f-478b-422d-afb3-996c97f7d0f2.mp3,36,10,
https://search.tima.vn/file/tongdai.tima.vn/archive/2026/Sep/22/ff181f20-1793-466d-a2e3-4c09b11f1468.mp3,18,0,
https://search.tima.vn/file/tongdai.tima.vn/archive/2026/Sep/22/a1a92a2e-8526-475a-a918-d11bcf5c29e1.mp3,39,0,
https://search.tima.vn/file/tongdai.tima.vn/archive/2026/Sep/22/aa14a225-a728-453a-b5f1-ca642f2f1d7d.mp3,40,24,
https://search.tima.vn/file/tongdai.tima.vn/archive/2026/Sep/22/add0fca1-61d9-453c-96b9-33e40f91ce51.mp3,18,0,
https://search.tima.vn/file/tongdai.tima.vn/archive/2026/Sep/22/b6bde06f-d7db-4dc7-87cf-cb366cb1aef7.mp3,30,2,beep
https://search.tima.vn/file/tongdai.tima.vn/archive/2026/Sep/22/5aec391f-f56d-4a8d-9721-86f435ed3da1.mp3,30,0,
https://search.tima.vn/file/tongdai.tima.vn/archive/2026/Sep/22/f7a8f5d0-5906-4067-831d-0e0b58cf71dd.mp3,40,0,
https://search.tima.vn/file/tongdai.tima.vn/archive/2026/Sep/22/85b9cfeb-693a-4548-a2b1-7b206dd5b15e.mp3,39,0,
https://search.tima.vn/file/tongdai.tima.vn/archive/2026/Sep/22/ef418ef7-c16d-4b3b-ab42-12846fe15b57.mp3,39,0,
https://search.tima.vn/file/tongdai.tima.vn/archive/2026/Sep/22/16866480-1f7f-4e0f-bfa5-9c964e82b109.mp3,39,0,
https://search.tima.vn/file/tongdai.tima.vn/archive/2026/Sep/22/814bc0c5-d15c-4680-a788-7ce2713e66b7.mp3,32,24,
https://search.tima.vn/file/tongdai.tima.vn/archive/2026/Sep/22/5ed5dcd7-2354-4fa7-945b-674707f822e0.mp3,17,0,
https://search.tima.vn/file/tongdai.tima.vn/archive/2026/Sep/22/d9487712-25c7-4997-b2e3-6732be5fddad.mp3,26,0,
https://search.tima.vn/file/tongdai.tima.vn/archive/2026/Sep/22/a6377273-7dce-4b66-9256-b13b270ef35b.mp3,39,0,
https://search.tima.vn/file/tongdai.tima.vn/archive/2026/Sep/22/2ff1d7db-90c2-4948-bbf5-ab6094630a94.mp3,31,24,
https://search.tima.vn/file/tongdai.tima.vn/archive/2026/Sep/22/26e29c89-565a-48a7-97f0-22b84e0cc677.mp3,39,0,
https://search.tima.vn/file/tongdai.tima.vn/archive/2026/Sep/22/d1b7d021-63f8-4b97-a7fe-27fd9fe60925.mp3,38,6,
https://search.tima.vn/file/tongdai.tima.vn/archive/2026/Sep/22/e3c9ed02-cc34-4d1f-868b-e333fb0e814b.mp3,15,0,
https://search.tima.vn/file/tongdai.tima.vn/archive/2026/Sep/22/88e8af45-1651-4bf5-856a-26c10041595a.mp3,54,46,
https://search.tima.vn/file/tongdai.tima.vn/archive/2026/Sep/22/5d43797d-65d8-42dc-8079-2c00fe7c96f8.mp3,17,0,
https://search.tima.vn/file/tongdai.tima.vn/archive/2026/Sep/22/b4852b3f-e28c-4003-ac60-120957f8b180.mp3,28,0,
https://search.tima.vn/file/tongdai.tima.vn/archive/2026/Sep/22/13cad866-8378-4738-8278-1734b9ff50cc.mp3,39,0,
https://search.tima.vn/file/tongdai.tima.vn/archive/2026/Sep/22/76b0c3ce-3ee4-43fe-babb-56e19b1be354.mp3,64,36,
https://search.tima.vn/file/tongdai.tima.vn/archive/2026/Sep/22/88529d67-c49d-4996-a936-9fa315dee2a0.mp3,12,0,
https://search.tima.vn/file/tongdai.tima.vn/archive/2026/Sep/22/5138faaa-c136-44fb-82c2-fd867a1a9649.mp3,39,0,
https://search.tima.vn/file/tongdai.tima.vn/archive/2026/Sep/22/8191dccf-3708-44c9-98a3-e97213019a00.mp3,39,0,
https://search.tima.vn/file/tongdai.tima.vn/archive/2026/Sep/22/7b182456-b85d-44f5-ac9f-377b6e20c4ec.mp3,31,0,
https://search.tima.vn/file/tongdai.tima.vn/archive/2026/Sep/22/aa612bef-ba6e-45c8-b8d0-7bc7dda9bf0a.mp3,21,3,
https://search.tima.vn/file/tongdai.tima.vn/archive/2026/Sep/22/ef3afabf-b602-45c4-99e1-59e55f6fd2ea.mp3,24,2,
https://search.tima.vn/file/tongdai.tima.vn/archive/2026/Sep/22/9fe2c68f-e08e-4afa-bfef-36d2fb7e43e2.mp3,39,0,
https://search.tima.vn/file/tongdai.tima.vn/archive/2026/Sep/22/dbbc8723-58b3-4f87-9f3f-995ec8de5191.mp3,39,24,
https://search.tima.vn/file/tongdai.tima.vn/archive/2026/Sep/22/0b0308a7-c7b0-449b-a588-a0b4cc50ab01.mp3,6,0,
https://search.tima.vn/file/tongdai.tima.vn/archive/2026/Sep/22/959ad75d-28a0-4781-bfd6-663191aa821b.mp3,18,2,
https://search.tima.vn/file/tongdai.tima.vn/archive/2026/Sep/22/6c60fbd1-7eb8-4ddb-bd29-80bfac5b1281.mp3,16,0,
https://search.tima.vn/file/tongdai.tima.vn/archive/2026/Sep/22/b78ebb25-b490-419c-a84b-caa95d1b7b30.mp3,17,0,
https://search.tima.vn/file/tongdai.tima.vn/archive/2026/Sep/22/cc30ad2c-0f81-45c5-a0ea-eedc2dacd36d.mp3,14,0,
https://search.tima.vn/file/tongdai.tima.vn/archive/2026/Sep/22/441ad6c1-5440-46fc-9fe5-84ea27c9ede2.mp3,11,0,
https://search.tima.vn/file/tongdai.tima.vn/archive/2026/Sep/22/27a25e32-71bc-4414-a2f0-772dfb5b4e4b.mp3,12,0,
https://search.tima.vn/file/tongdai.tima.vn/archive/2026/Sep/22/6493692b-541f-4209-9479-4aec683765fd.mp3,25,14,
https://search.tima.vn/file/tongdai.tima.vn/archive/2026/Sep/22/8af1ed51-993f-4826-9925-fc11f9b36554.mp3,39,0,
https://search.tima.vn/file/tongdai.tima.vn/archive/2026/Sep/22/b1ca31fa-851e-4c33-b55b-396fc3d56a52.mp3,19,2,
https://search.tima.vn/file/tongdai.tima.vn/archive/2026/Sep/22/6462c120-eb53-483b-92d8-ff7de36744de.mp3,39,0,
https://search.tima.vn/file/tongdai.tima.vn/archive/2026/Sep/22/2975ac83-4ed8-4ee7-ae08-008371fd7069.mp3,70,55,
https://search.tima.vn/file/tongdai.tima.vn/archive/2026/Sep/22/3104017a-ea33-4705-a2bb-0c7170781797.mp3,38,25,
https://search.tima.vn/file/tongdai.tima.vn/archive/2026/Sep/22/35d0da75-94a9-4386-a022-f33eb8dcb82c.mp3,24,12,
https://search.tima.vn/file/tongdai.tima.vn/archive/2026/Sep/22/38af140a-3dd9-4970-b25c-00b41b3d56da.mp3,43,24,
https://search.tima.vn/file/tongdai.tima.vn/archive/2026/Sep/22/9402e5e6-54b7-432d-98b1-a468a3af7887.mp3,22,11,
https://search.tima.vn/file/tongdai.tima.vn/archive/2026/Sep/22/51e09f46-4d0d-46c4-abd0-da375acddf97.mp3,25,19,
https://search.tima.vn/file/tongdai.tima.vn/archive/2026/Sep/22/a1a39e24-21c4-421f-9e45-67a9bfecf351.mp3,39,0,
https://search.tima.vn/file/tongdai.tima.vn/archive/2026/Sep/22/8f7b0147-5559-42db-9ba8-280e64d80494.mp3,6,0,
https://search.tima.vn/file/tongdai.tima.vn/archive/2026/Sep/22/9ff7d6c7-0f07-497d-9909-e30037276bea.mp3,26,0,
https://search.tima.vn/file/tongdai.tima.vn/archive/2026/Sep/22/27eecb5b-90ed-41fa-ab06-daaf11854eeb.mp3,39,0,
https://search.tima.vn/file/tongdai.tima.vn/archive/2026/Sep/22/46ab1c32-69b8-4a36-a3c9-2e6c6dfe6572.mp3,41,24,
https://search.tima.vn/file/tongdai.tima.vn/archive/2026/Sep/22/38400391-9192-48b7-9a80-a5060e13754a.mp3,38,14,
https://search.tima.vn/file/tongdai.tima.vn/archive/2026/Sep/22/6695b2bd-ac54-4cf5-8066-5df740193543.mp3,37,8,
https://search.tima.vn/file/tongdai.tima.vn/archive/2026/Sep/22/d9b5bdb1-94cf-4330-8023-eb6ac0f29d52.mp3,22,12,
https://search.tima.vn/file/tongdai.tima.vn/archive/2026/Sep/22/99bd53f7-b668-4a77-8441-c62e59406325.mp3,19,2,
https://search.tima.vn/file/tongdai.tima.vn/archive/2026/Sep/22/afe0d77a-f79b-4dbe-9098-4215c8b6a122.mp3,39,0,
https://search.tima.vn/file/tongdai.tima.vn/archive/2026/Sep/22/d96c957d-7eb8-48f2-abe9-4c5f9fb0acdc.mp3,31,0,
https://search.tima.vn/file/tongdai.tima.vn/archive/2026/Sep/22/1e7231a2-2f6d-49cb-9699-1a911648741a.mp3,16,0,
https://search.tima.vn/file/tongdai.tima.vn/archive/2026/Sep/22/7c5ab343-fb67-4696-92a2-4541997b4c12.mp3,35,26,
https://search.tima.vn/file/tongdai.tima.vn/archive/2026/Sep/22/08f7b652-3de2-4204-8e5f-480f061f3a7e.mp3,45,24,
https://search.tima.vn/file/tongdai.tima.vn/archive/2026/Sep/22/be9b17e8-a278-4045-b1a8-b0b24087a596.mp3,32,0,
https://search.tima.vn/file/tongdai.tima.vn/archive/2026/Sep/22/d7dfb2dc-262e-4cb2-b584-ce26f58c2120.mp3,39,0,
https://search.tima.vn/file/tongdai.tima.vn/archive/2026/Sep/22/8bfcd0b5-ec9b-4dca-90ff-66cdcac37835.mp3,39,2,
https://search.tima.vn/file/tongdai.tima.vn/archive/2026/Sep/22/cb7952a6-c570-4a29-a766-662bfe4487a3.mp3,48,33,
https://search.tima.vn/file/tongdai.tima.vn/archive/2026/Sep/22/30ae0a79-0453-453d-9d35-ba97520f4741.mp3,39,0,
https://search.tima.vn/file/tongdai.tima.vn/archive/2026/Sep/22/9ee73c25-da72-4b6f-9df8-22e352b4ff44.mp3,12,0,
https://search.tima.vn/file/tongdai.tima.vn/archive/2026/Sep/22/9ac95e59-dabe-486a-9bd1-356ff0b2f5f3.mp3,39,0,
https://search.tima.vn/file/tongdai.tima.vn/archive/2026/Sep/22/21bfccd3-65b5-4043-aab9-f6d6a91d440d.mp3,39,0,
https://search.tima.vn/file/tongdai.tima.vn/archive/2026/Sep/22/97e1e941-4fcd-45d6-986f-8b1cf36bcb7c.mp3,17,0,
https://search.tima.vn/file/tongdai.tima.vn/archive/2026/Sep/22/ed272749-6574-40f0-a208-84917abbb162.mp3,16,0,
https://search.tima.vn/file/tongdai.tima.vn/archive/2026/Sep/22/c8bca722-7b3e-40e6-88bc-fca5a1c50766.mp3,50,23,
https://search.tima.vn/file/tongdai.tima.vn/archive/2026/Sep/22/3bee395c-a02c-4407-81d7-dbd511783306.mp3,79,56,
https://search.tima.vn/file/tongdai.tima.vn/archive/2026/Sep/22/ffff502e-df95-4ab6-bf41-1314fd5c6434.mp3,39,0,
https://search.tima.vn/file/tongdai.tima.vn/archive/2026/Sep/22/a5821319-c0ed-4644-be41-de4d48f01443.mp3,16,0,
https://search.tima.vn/file/tongdai.tima.vn/archive/2026/Sep/22/e2260530-6d37-491b-b405-093a2a02a48e.mp3,18,2,
https://search.tima.vn/file/tongdai.tima.vn/archive/2026/Sep/22/c9032ba1-37d2-40b8-99ea-34ea9e59dfe1.mp3,27,13,
https://search.tima.vn/file/tongdai.tima.vn/archive/2026/Sep/22/fc002f45-fed5-4cd2-bdf1-e8f2a839c17d.mp3,39,0,
https://search.tima.vn/file/tongdai.tima.vn/archive/2026/Sep/22/d444a055-3c43-4bff-92d2-7e56ea06c533.mp3,49,33,
https://search.tima.vn/file/tongdai.tima.vn/archive/2026/Sep/22/5cee3c49-db91-4508-9c30-65866d87cead.mp3,19,2,
https://search.tima.vn/file/tongdai.tima.vn/archive/2026/Sep/22/2e76db2f-6dfd-4afb-9677-6a745624101d.mp3,39,0,
https://search.tima.vn/file/tongdai.tima.vn/archive/2026/Sep/22/f0049413-5737-4288-bcf2-4751f6e4f8d5.mp3,32,0,
https://search.tima.vn/file/tongdai.tima.vn/archive/2026/Sep/22/e1a2b11b-9d23-4278-a8c9-f0fe1e7bd78b.mp3,39,0,
https://search.tima.vn/file/tongdai.tima.vn/archive/2026/Sep/22/f12b37fb-e238-49e2-8b84-4ac03823d634.mp3,26,14,
https://search.tima.vn/file/tongdai.tima.vn/archive/2026/Sep/22/b33e19c2-2010-41f6-a99e-553e2d53ec19.mp3,31,0,
https://search.tima.vn/file/tongdai.tima.vn/archive/2026/Sep/22/27303be4-a2c0-4a53-b2ad-716e46447e4f.mp3,39,0,
https://search.tima.vn/file/tongdai.tima.vn/archive/2026/Sep/22/71ff5c7b-36b6-4c6f-b299-2bf7d643ea82.mp3,16,0,
https://search.tima.vn/file/tongdai.tima.vn/archive/2026/Sep/22/eff34704-53e4-4276-adef-04aa92411d2a.mp3,54,47,
https://search.tima.vn/file/tongdai.tima.vn/archive/2026/Sep/22/3fa93b7f-2903-475b-815f-63157529f288.mp3,33,22,
https://search.tima.vn/file/tongdai.tima.vn/archive/2026/Sep/22/18413cce-0dd9-4f42-83c4-d8f4eb6837b8.mp3,43,33,
https://search.tima.vn/file/tongdai.tima.vn/archive/2026/Sep/22/ecd5812e-6d1d-411a-a94b-70b7d9990d4d.mp3,72,55,
https://search.tima.vn/file/tongdai.tima.vn/archive/2026/Sep/22/83247c97-4394-48a4-a20c-61a4b2242e78.mp3,36,0,
https://search.tima.vn/file/tongdai.tima.vn/archive/2026/Sep/22/be8fdda4-9b53-45be-a841-78274a279e94.mp3,28,0,
https://search.tima.vn/file/tongdai.tima.vn/archive/2026/Sep/22/1bb27db2-0e52-46de-a056-c113e8b9b763.mp3,29,0,
https://search.tima.vn/file/tongdai.tima.vn/archive/2026/Sep/22/4ea51de9-3a70-4100-9949-7fddf30650a7.mp3,17,0,
https://search.tima.vn/file/tongdai.tima.vn/archive/2026/Sep/22/b4a6b694-d6b4-4d2c-9b38-30a0a1526710.mp3,21,11,
https://search.tima.vn/file/tongdai.tima.vn/archive/2026/Sep/22/e14a4b59-b553-493c-a3f1-2a70dc9b3862.mp3,35,27,
https://search.tima.vn/file/tongdai.tima.vn/archive/2026/Sep/22/7e00c858-c69c-46ad-b4d2-906ee8a6e3ad.mp3,19,14,
https://search.tima.vn/file/tongdai.tima.vn/archive/2026/Sep/22/3117f3b0-d2f1-419e-9bf8-290c530c9942.mp3,80,56,
https://search.tima.vn/file/tongdai.tima.vn/archive/2026/Sep/22/50f99fc2-65cb-4b14-aa34-87cee04bed30.mp3,42,15,
https://search.tima.vn/file/tongdai.tima.vn/archive/2026/Sep/22/48958c52-40bd-42fc-a982-707dd7c2a1a7.mp3,39,0,
https://search.tima.vn/file/tongdai.tima.vn/archive/2026/Sep/22/ee8f150c-34e5-4737-b2a7-76209a9dc0ad.mp3,19,3,
https://search.tima.vn/file/tongdai.tima.vn/archive/2026/Sep/22/12d3316e-e28b-4974-b7d9-6c15f9fe0840.mp3,22,14,
https://search.tima.vn/file/tongdai.tima.vn/archive/2026/Sep/22/683801a3-61ca-4946-a861-4dd16185bf95.mp3,19,2,
https://search.tima.vn/file/tongdai.tima.vn/archive/2026/Sep/22/1626c6b4-6f71-4850-beb8-d1941ebc7a6b.mp3,39,0,
https://search.tima.vn/file/tongdai.tima.vn/archive/2026/Sep/22/9f48f108-aabe-4770-a452-e3198c2f5fd2.mp3,39,0,
https://search.tima.vn/file/tongdai.tima.vn/archive/2026/Sep/22/a80e9c2f-4a57-41c2-8488-8d25276e5ff3.mp3,32,15,
https://search.tima.vn/file/tongdai.tima.vn/archive/2026/Sep/22/13ab634f-1df8-468b-869e-366558400c64.mp3,7,0,
https://search.tima.vn/file/tongdai.tima.vn/archive/2026/Sep/22/7eb2f9a5-7f1a-4e73-bd56-f2ea6e52396e.mp3,39,0,
https://search.tima.vn/file/tongdai.tima.vn/archive/2026/Sep/22/0a3605a7-9f43-4fac-ac0b-3bd9bf6d9968.mp3,39,0,
https://search.tima.vn/file/tongdai.tima.vn/archive/2026/Sep/22/e0857851-ad84-401f-8378-1138394ee17a.mp3,18,2,
https://search.tima.vn/file/tongdai.tima.vn/archive/2026/Sep/22/3eba131a-0aaf-4dcf-8fd7-4d178d1b637e.mp3,38,26,
https://search.tima.vn/file/tongdai.tima.vn/archive/2026/Sep/22/c4d8bd19-cab0-47aa-a325-f40a0097d245.mp3,20,0,
https://search.tima.vn/file/tongdai.tima.vn/archive/2026/Sep/22/b1b60875-89b3-4423-88d2-f34d969184ea.mp3,40,0,
https://search.tima.vn/file/tongdai.tima.vn/archive/2026/Sep/22/235d2d3f-6010-45a7-b59d-e9648995a478.mp3,39,0,
https://search.tima.vn/file/tongdai.tima.vn/archive/2026/Sep/22/aac5f8e1-ce97-4bc1-ac3e-b69a94b8c924.mp3,16,0,
https://search.tima.vn/file/tongdai.tima.vn/archive/2026/Sep/22/bfcd9172-e589-41d8-9097-c46e770c585a.mp3,39,0,
https://search.tima.vn/file/tongdai.tima.vn/archive/2026/Sep/22/dcc8a58d-1f28-4647-9222-e40909014140.mp3,26,0,
https://search.tima.vn/file/tongdai.tima.vn/archive/2026/Sep/22/556c5fde-53e4-400c-b88c-b106321e04db.mp3,26,0,
https://search.tima.vn/file/tongdai.tima.vn/archive/2026/Sep/22/5d406700-9724-4f8f-b65e-6bbdc8ac0f55.mp3,22,12,
https://search.tima.vn/file/tongdai.tima.vn/archive/2026/Sep/22/df4d6eac-7850-48fc-96bc-eb1e17317f5b.mp3,39,25,
https://search.tima.vn/file/tongdai.tima.vn/archive/2026/Sep/22/5bf3588c-8430-4dba-9186-f0c496905b23.mp3,19,3,
https://search.tima.vn/file/tongdai.tima.vn/archive/2026/Sep/22/0670a120-6f07-4008-a3f4-cbebdccf3fce.mp3,39,0,
https://search.tima.vn/file/tongdai.tima.vn/archive/2026/Sep/22/88ea0ccf-c86d-4cab-bd93-1437ccbefe24.mp3,28,0,
https://search.tima.vn/file/tongdai.tima.vn/archive/2026/Sep/22/0dee3f26-a4d2-4f05-ab11-1f0f9ae69a3c.mp3,18,0,
https://search.tima.vn/file/tongdai.tima.vn/archive/2026/Sep/22/29324024-1481-4cd1-97ab-2e8d3f919443.mp3,15,6,
https://search.tima.vn/file/tongdai.tima.vn/archive/2026/Sep/22/afd397bd-d3d8-4e16-bb73-72004c822bfa.mp3,19,11,
https://search.tima.vn/file/tongdai.tima.vn/archive/2026/Sep/22/a5b34cd8-2a7f-4dc6-bef1-ecee745aa3de.mp3,39,0,
https://search.tima.vn/file/tongdai.tima.vn/archive/2026/Sep/22/b2d0131f-eb0f-4325-839b-f6522b387414.mp3,30,2,
https://search.tima.vn/file/tongdai.tima.vn/archive/2026/Sep/22/5a3b7b10-58b4-480e-9abd-6483ae071561.mp3,16,0,
https://search.tima.vn/file/tongdai.tima.vn/archive/2026/Sep/22/8cdb8cf0-6448-4938-8d12-7a4fa5718d82.mp3,32,0,
https://search.tima.vn/file/tongdai.tima.vn/archive/2026/Sep/22/cce14214-f518-4083-a4f2-24244c2986b7.mp3,39,0,
https://search.tima.vn/file/tongdai.tima.vn/archive/2026/Sep/22/322ea793-fcf5-48c0-8cff-2cfe118c093b.mp3,39,5,
https://search.tima.vn/file/tongdai.tima.vn/archive/2026/Sep/22/56b07f7e-a3ee-4325-adbe-9fd97de8135b.mp3,17,0,
https://search.tima.vn/file/tongdai.tima.vn/archive/2026/Sep/22/d4c7bee0-bb66-47f0-819d-388d441bf938.mp3,10,0,
https://search.tima.vn/file/tongdai.tima.vn/archive/2026/Sep/22/8ea783cb-1a27-430f-ba46-e99b8794334b.mp3,17,0,
https://search.tima.vn/file/tongdai.tima.vn/archive/2026/Sep/22/6ddd7196-8041-440f-95ca-7b2952d37b82.mp3,31,0,
https://search.tima.vn/file/tongdai.tima.vn/archive/2026/Sep/22/5fa42724-b235-46a0-80e0-3bfb15c97959.mp3,21,2,
https://search.tima.vn/file/tongdai.tima.vn/archive/2026/Sep/22/f3c81233-c415-4556-878a-637a3de83c02.mp3,51,29,
https://search.tima.vn/file/tongdai.tima.vn/archive/2026/Sep/22/01fc5099-2581-4135-9f55-d2d6e112bbd9.mp3,39,0,
https://search.tima.vn/file/tongdai.tima.vn/archive/2026/Sep/22/a79a862c-2f38-4c5a-acb8-396a12a91db5.mp3,13,5,
https://search.tima.vn/file/tongdai.tima.vn/archive/2026/Sep/22/dd08b5de-c20a-4d6d-84ea-4c3299b373aa.mp3,39,0,
https://search.tima.vn/file/tongdai.tima.vn/archive/2026/Sep/22/75fcf8c1-bd55-4645-8a22-86db09ac920f.mp3,14,0,
https://search.tima.vn/file/tongdai.tima.vn/archive/2026/Sep/22/d2249873-17a2-46d5-8caa-32194141c617.mp3,40,0,
https://search.tima.vn/file/tongdai.tima.vn/archive/2026/Sep/22/9e971a80-e2a7-4ca6-8490-c26ad9a601dd.mp3,18,2,
https://search.tima.vn/file/tongdai.tima.vn/archive/2026/Sep/22/fd42626f-7806-47d5-b2f2-e7d5214a5483.mp3,39,0,
https://search.tima.vn/file/tongdai.tima.vn/archive/2026/Sep/22/129f840f-976a-4020-b776-d5b2d34e4597.mp3,48,17,
https://search.tima.vn/file/tongdai.tima.vn/archive/2026/Sep/22/18efdcc7-e16f-4172-8c42-6b02d130caf4.mp3,20,8,
https://search.tima.vn/file/tongdai.tima.vn/archive/2026/Sep/22/40adb270-68f4-467b-bf36-e581f0a49d86.mp3,37,9,
https://search.tima.vn/file/tongdai.tima.vn/archive/2026/Sep/22/43cd3856-cbe2-4eb9-8b65-7994510e8344.mp3,23,15,
https://search.tima.vn/file/tongdai.tima.vn/archive/2026/Sep/22/f30a0959-d3bc-4392-8123-e0310550af1f.mp3,39,0,
https://search.tima.vn/file/tongdai.tima.vn/archive/2026/Sep/22/ed57359d-05a4-4380-9a67-85c421756742.mp3,58,51,
https://search.tima.vn/file/tongdai.tima.vn/archive/2026/Sep/22/66a6f047-7286-4f59-a2f8-32deadfc5419.mp3,14,3,
https://search.tima.vn/file/tongdai.tima.vn/archive/2026/Sep/22/cfe15aba-665d-42db-8613-c3001caf453e.mp3,29,0,
https://search.tima.vn/file/tongdai.tima.vn/archive/2026/Sep/22/b9c67ac2-4e17-49a0-b154-43cdbfa6eb0e.mp3,34,23,
https://search.tima.vn/file/tongdai.tima.vn/archive/2026/Sep/22/8b64a4b7-decc-482a-a7ea-1b526022e18a.mp3,21,14,
https://search.tima.vn/file/tongdai.tima.vn/archive/2026/Sep/22/9d9cd2ee-50f4-466c-bcf6-b5cb9a1de15c.mp3,19,3,
https://search.tima.vn/file/tongdai.tima.vn/archive/2026/Sep/22/30d4f9e7-e378-4975-8e35-97ed0514e86a.mp3,28,0,
https://search.tima.vn/file/tongdai.tima.vn/archive/2026/Sep/22/b2b0bd43-a84d-4c8b-98e0-79d223acd259.mp3,20,14,
https://search.tima.vn/file/tongdai.tima.vn/archive/2026/Sep/22/7cc2c0aa-c392-42eb-9939-dd34766a9148.mp3,12,7,
https://search.tima.vn/file/tongdai.tima.vn/archive/2026/Sep/22/905a12af-97a2-4d08-bef6-776e932c6f7c.mp3,39,0,
https://search.tima.vn/file/tongdai.tima.vn/archive/2026/Sep/22/1f45046d-a1de-4a5b-9d68-1e2730787bfe.mp3,52,35,
https://search.tima.vn/file/tongdai.tima.vn/archive/2026/Sep/22/737355c5-cffd-42a4-ad29-25526f4cb4cc.mp3,6,0,
https://search.tima.vn/file/tongdai.tima.vn/archive/2026/Sep/22/40ea1f0a-f1ea-4bcb-928b-047aa93a6fde.mp3,39,0,
https://search.tima.vn/file/tongdai.tima.vn/archive/2026/Sep/22/a5907804-dd31-4105-b918-bc8d87b4fe8f.mp3,30,18,
https://search.tima.vn/file/tongdai.tima.vn/archive/2026/Sep/22/876ade6e-778b-4fff-90a0-a0fcd2c60b10.mp3,37,23,
https://search.tima.vn/file/tongdai.tima.vn/archive/2026/Sep/22/2f6e7d7d-1674-4dec-9368-49c0da8d4fb1.mp3,26,0,
https://search.tima.vn/file/tongdai.tima.vn/archive/2026/Sep/22/7b068d9d-7ca4-4323-bcca-538df610ea6c.mp3,39,0,
https://search.tima.vn/file/tongdai.tima.vn/archive/2026/Sep/22/9e2111ba-f809-4ca3-99ac-86495f43d957.mp3,15,8,
https://search.tima.vn/file/tongdai.tima.vn/archive/2026/Sep/22/4376db5b-149d-4aeb-be07-3b1e7a46f490.mp3,41,23,
https://search.tima.vn/file/tongdai.tima.vn/archive/2026/Sep/22/79b9a75e-4182-428b-8a4e-64ea01ffa1e0.mp3,26,0,
https://search.tima.vn/file/tongdai.tima.vn/archive/2026/Sep/22/b4450e5d-97a8-4d5f-8afe-08e097177eee.mp3,38,0,
https://search.tima.vn/file/tongdai.tima.vn/archive/2026/Sep/22/8430189b-9222-4877-9532-6c8f3d8edd6e.mp3,39,0,
https://search.tima.vn/file/tongdai.tima.vn/archive/2026/Sep/22/297fb112-e771-4be5-b1eb-09b46fc6e11b.mp3,31,0,
https://search.tima.vn/file/tongdai.tima.vn/archive/2026/Sep/22/bcb9af0e-6e49-4d78-a293-48ddfca31a9b.mp3,50,27,
https://search.tima.vn/file/tongdai.tima.vn/archive/2026/Sep/22/d4fbf266-1ad5-491a-95ac-49aa49709524.mp3,20,2,
https://search.tima.vn/file/tongdai.tima.vn/archive/2026/Sep/22/d117faef-d59b-4ab3-b77d-912e6070f02d.mp3,19,11,
https://search.tima.vn/file/tongdai.tima.vn/archive/2026/Sep/22/70def9a5-4fc9-4709-9369-6e576a20d11a.mp3,28,16,
https://search.tima.vn/file/tongdai.tima.vn/archive/2026/Sep/22/bd6dffe9-1e13-4aae-b359-72b36c9d8fad.mp3,23,13,
https://search.tima.vn/file/tongdai.tima.vn/archive/2026/Sep/22/bb9f6df0-d66c-4984-b2f7-de13112dfeb7.mp3,40,27,
https://search.tima.vn/file/tongdai.tima.vn/archive/2026/Sep/22/a8274ca1-5b2c-4c2a-842e-137b10257664.mp3,45,34,
https://search.tima.vn/file/tongdai.tima.vn/archive/2026/Sep/22/ef1f9841-aacc-45c9-ae3b-3b39209ef33c.mp3,39,0,
https://search.tima.vn/file/tongdai.tima.vn/archive/2026/Sep/22/c887cae4-6d00-430d-b266-61c01d0c2055.mp3,39,0,
https://search.tima.vn/file/tongdai.tima.vn/archive/2026/Sep/22/4678b990-399b-4b86-99ce-073c62d7e482.mp3,26,15,
https://search.tima.vn/file/tongdai.tima.vn/archive/2026/Sep/22/b38b29b3-42a6-44b6-9f45-e67275c047ee.mp3,26,0,
https://search.tima.vn/file/tongdai.tima.vn/archive/2026/Sep/22/b1c96bd1-e54d-4867-9e50-c1993898a4eb.mp3,34,0,
https://search.tima.vn/file/tongdai.tima.vn/archive/2026/Sep/22/d108ca73-f8c3-43b8-bcc8-8606d3d9f8cd.mp3,31,17,
https://search.tima.vn/file/tongdai.tima.vn/archive/2026/Sep/22/5325bd30-f878-4763-8805-64cf4a84d058.mp3,26,14,
https://search.tima.vn/file/tongdai.tima.vn/archive/2026/Sep/22/c36e4a19-5e17-40da-907a-66f09c5e0f99.mp3,31,9,
https://search.tima.vn/file/tongdai.tima.vn/archive/2026/Sep/22/dd536b4b-c96c-4362-889c-e6b26ac5a001.mp3,38,0,
https://search.tima.vn/file/tongdai.tima.vn/archive/2026/Sep/22/525d0798-bb5b-460b-8be9-3914614c11a6.mp3,27,2,
https://search.tima.vn/file/tongdai.tima.vn/archive/2026/Sep/22/047de6a2-0f2c-4fc8-92fd-be724c5ab3c5.mp3,29,0,
https://search.tima.vn/file/tongdai.tima.vn/archive/2026/Sep/22/5498cafc-bb13-4380-aa53-09486daa37a2.mp3,31,18,
https://search.tima.vn/file/tongdai.tima.vn/archive/2026/Sep/22/8156d909-a3a4-480e-9205-c2bd830a4c3b.mp3,16,9,
https://search.tima.vn/file/tongdai.tima.vn/archive/2026/Sep/22/dff52fdd-16ba-48ec-8635-c68bb6d425df.mp3,39,25,
https://search.tima.vn/file/tongdai.tima.vn/archive/2026/Sep/22/0e7663fc-8052-4440-ba70-b587c8071907.mp3,39,0,
https://search.tima.vn/file/tongdai.tima.vn/archive/2026/Sep/22/7319b92e-24a8-41a4-a256-93146205c9dd.mp3,16,0,
https://search.tima.vn/file/tongdai.tima.vn/archive/2026/Sep/22/4ba3a094-ec87-4942-ba2d-a7c4cf9b857a.mp3,24,14,
https://search.tima.vn/file/tongdai.tima.vn/archive/2026/Sep/22/8187059a-194b-4db9-8dac-d664762cded6.mp3,31,19,
https://search.tima.vn/file/tongdai.tima.vn/archive/2026/Sep/22/3030de0e-11fa-4b8a-8ec6-2d2436f089a3.mp3,26,0,
https://search.tima.vn/file/tongdai.tima.vn/archive/2026/Sep/22/8a4b9ef7-aacf-4c67-987f-fb25473931d3.mp3,33,23,
https://search.tima.vn/file/tongdai.tima.vn/archive/2026/Sep/22/5990c06e-55a3-47f1-89b9-5002ed46c8a7.mp3,7,0,
https://search.tima.vn/file/tongdai.tima.vn/archive/2026/Sep/22/30c0c6fe-c844-4aa4-8994-17e576e2182e.mp3,40,0,
https://search.tima.vn/file/tongdai.tima.vn/archive/2026/Sep/22/69842790-a839-4eae-81ff-23eb6eadcdc2.mp3,17,0,
https://search.tima.vn/file/tongdai.tima.vn/archive/2026/Sep/22/d138d419-41ae-483c-b7a1-fef73ded8c0d.mp3,39,0,
https://search.tima.vn/file/tongdai.tima.vn/archive/2026/Sep/22/0968751a-9a45-40e3-b649-9c0e0fe2cbd8.mp3,23,0,
https://search.tima.vn/file/tongdai.tima.vn/archive/2026/Sep/22/e03f7b90-8733-46c9-9efc-73fd5969183a.mp3,6,0,
https://search.tima.vn/file/tongdai.tima.vn/archive/2026/Sep/22/6ace3617-c88f-4f73-89cf-30ec09bb887a.mp3,20,6,
https://search.tima.vn/file/tongdai.tima.vn/archive/2026/Sep/22/82f3dafc-ffc7-4c35-8dbb-7e1f9123abd3.mp3,39,0,
https://search.tima.vn/file/tongdai.tima.vn/archive/2026/Sep/22/b056f32d-36b2-4073-9107-b4a1990368eb.mp3,46,28,
https://search.tima.vn/file/tongdai.tima.vn/archive/2026/Sep/22/20c572fa-8f7b-4836-8469-1f2648e9a178.mp3,31,17,
https://search.tima.vn/file/tongdai.tima.vn/archive/2026/Sep/22/dcd821cd-7202-4c3d-b091-b87f6906e54e.mp3,39,0,
https://search.tima.vn/file/tongdai.tima.vn/archive/2026/Sep/22/4cdcf7c1-1290-43e1-85a3-867820da5720.mp3,39,0,
https://search.tima.vn/file/tongdai.tima.vn/archive/2026/Sep/22/b24e1bd4-4d92-4b66-b318-55a3e31b227a.mp3,39,0,
https://search.tima.vn/file/tongdai.tima.vn/archive/2026/Sep/22/f72b81a5-aefb-4efd-a863-37e3877649dd.mp3,39,0,
https://search.tima.vn/file/tongdai.tima.vn/archive/2026/Sep/22/6432b595-ace9-43e7-8ebc-9c11dc21ae26.mp3,39,0,
https://search.tima.vn/file/tongdai.tima.vn/archive/2026/Sep/22/dd941136-4e87-4c08-b148-24dd346c34de.mp3,16,0,
https://search.tima.vn/file/tongdai.tima.vn/archive/2026/Sep/22/a735adc2-cd3d-4c36-a0e9-68108237d775.mp3,28,0,
https://search.tima.vn/file/tongdai.tima.vn/archive/2026/Sep/22/62369d23-80fb-4d21-ba73-f76458d1b270.mp3,28,0,
https://search.tima.vn/file/tongdai.tima.vn/archive/2026/Sep/22/fea16486-5266-407b-a918-3623659ebd73.mp3,40,0,
https://search.tima.vn/file/tongdai.tima.vn/archive/2026/Sep/22/4800a65a-28cc-4e8e-a50d-d297f7149435.mp3,13,0,
https://search.tima.vn/file/tongdai.tima.vn/archive/2026/Sep/22/2a47bb66-a5e2-430f-8a16-5d0db1b5fce7.mp3,14,0,
https://search.tima.vn/file/tongdai.tima.vn/archive/2026/Sep/22/52bbce9f-f39e-414d-8521-87c9a9a46efd.mp3,26,0,
https://search.tima.vn/file/tongdai.tima.vn/archive/2026/Sep/22/f49e4a03-4b6b-4673-a47e-eeade97ba0c6.mp3,39,0,
https://search.tima.vn/file/tongdai.tima.vn/archive/2026/Sep/22/1091dabd-6911-451a-9a7a-51ed223b2cd5.mp3,28,0,
https://search.tima.vn/file/tongdai.tima.vn/archive/2026/Sep/22/30815444-100a-4660-991a-895c414a419b.mp3,17,0,
https://search.tima.vn/file/tongdai.tima.vn/archive/2026/Sep/22/056df075-eb76-44a4-85f6-22420a9fa0f0.mp3,33,0,
https://search.tima.vn/file/tongdai.tima.vn/archive/2026/Sep/22/3edf9a17-7489-445e-8445-0b33ef105a50.mp3,38,0,
https://search.tima.vn/file/tongdai.tima.vn/archive/2026/Sep/22/ee0659ca-d94c-4ca7-8f56-d4997a01a99e.mp3,31,10,
https://search.tima.vn/file/tongdai.tima.vn/archive/2026/Sep/22/40c73266-8c51-49b5-a0ab-d63c952edb4c.mp3,16,0,
https://search.tima.vn/file/tongdai.tima.vn/archive/2026/Sep/22/e8639c63-ff72-4cd1-a35c-8ac9ed515069.mp3,10,0,
https://search.tima.vn/file/tongdai.tima.vn/archive/2026/Sep/22/121a324d-d49f-44f8-8f80-2cc1a6cb91e0.mp3,39,0,
https://search.tima.vn/file/tongdai.tima.vn/archive/2026/Sep/22/f104c0f7-27e3-43df-9d54-251815c54f71.mp3,39,0,
https://search.tima.vn/file/tongdai.tima.vn/archive/2026/Sep/22/dafa4b2b-391b-4bee-a18e-0f7a6861f443.mp3,39,0,
https://search.tima.vn/file/tongdai.tima.vn/archive/2026/Sep/22/51bbdc9e-6b51-4a84-9dd9-cd05ce3420ba.mp3,40,0,
